<?xml version="1.0" encoding="UTF-8"?>

<Condition xmlns="http://hl7.org/fhir">
  <id value="instance-chronic-hematologic-diseases-icd"/>
  <meta>
    <profile value="https://www.napkon.de/fhir/StructureDefinition/chronic-hematologic-diseases"/>
  </meta>
  <text>
    <status value="generated"/><div xmlns="http://www.w3.org/1999/xhtml"><p><b>Generated Narrative</b></p><p><b>verificationStatus</b>: <span title="Codes: {http://terminology.hl7.org/CodeSystem/condition-ver-status refuted}, {http://snomed.info/sct 410594000}">Definitely NOT present (qualifier value)</span></p><p><b>category</b>: <span title="Codes: {http://snomed.info/sct 394803006}">Clinical hematology (qualifier value)</span></p><p><b>code</b>: <span title="Codes: {http://fhir.de/CodeSystem/bfarm/icd-10-gm D50.9}">Eisenmangelanämie, nicht näher bezeichnet</span></p><p><b>subject</b>: <a href="Patient-ExamplePatient.html">Generated Summary: Medical record number: napkon-example-patient; maxi musterperson (OFFICIAL); gender: unknown; birthDate: 1990-08-08</a></p><p><b>recordedDate</b>: 2021-11-08</p></div>
  </text>
  <verificationStatus>
    <coding>
      <system value="http://terminology.hl7.org/CodeSystem/condition-ver-status"/>
      <code value="refuted"/>
    </coding>
    <coding>
      <system value="http://snomed.info/sct"/>
      <version value="http://snomed.info/sct/900000000000207008/version/20210731"/>
      <code value="410594000"/>
      <display value="Definitely NOT present (qualifier value)"/>
    </coding>
  </verificationStatus>
  <category>
    <coding>
      <system value="http://snomed.info/sct"/>
      <code value="394803006"/>
      <display value="Clinical hematology (qualifier value)"/>
    </coding>
  </category>
  <code>
    <coding>
      <system value="http://fhir.de/CodeSystem/bfarm/icd-10-gm"/>
      <version value="2022|&quot;2021&quot;"/>
      <code value="D50.9"/>
      <display value="Eisenmangelanämie, nicht näher bezeichnet"/>
    </coding>
  </code>
  <subject>
    <reference value="Patient/ExamplePatient"/>
  </subject>
  <recordedDate value="2021-11-08"/>
</Condition>