<?xml version="1.0" encoding="UTF-8"?>

<ImplementationGuide xmlns="http://hl7.org/fhir">
  <id value="napkon-pediatrics"/>
  <text>
    <status value="extensions"/><div xmlns="http://www.w3.org/1999/xhtml"><h2>napkonpediatrics</h2><p>The official URL for this implementation guide is: </p><pre>https://www.napkon.de/fhir/ImplementationGuide/napkon-pediatrics</pre></div>
  </text>
  <url value="https://www.napkon.de/fhir/ImplementationGuide/napkon-pediatrics"/>
  <version value="1.0.0"/>
  <name value="napkonpediatrics"/>
  <title value="NAPKON Pediatrics Module"/>
  <status value="active"/>
  <date value="2021-12-17T12:27:17+00:00"/>
  <publisher value="Charité - Universitätsmedizin Berlin"/>
  <contact>
    <name value="Charité - Universitätsmedizin Berlin"/>
    <telecom>
      <system value="url"/>
      <value value="https://www.netzwerk-universitaetsmedizin.de"/>
    </telecom>
  </contact>
  <packageId value="napkon-pediatrics"/>
  <license value="CC0-1.0"/>
  <fhirVersion value="4.0.1"/>
  <dependsOn id="de_medizininformatikinitiative_kerndatensatz_prozedur">
    <uri value="https://simplifier.net/guide/medizininformatikinitiative-modulprozeduren-implementationguide"/>
    <packageId value="de.medizininformatikinitiative.kerndatensatz.prozedur"/>
    <version value="2.0.0-alpha4"/>
  </dependsOn>
  <dependsOn id="de_medizininformatikinitiative_kerndatensatz_person">
    <uri value="https://simplifier.net/guide/medizininformatikinitiative-modulperson-implementationguide"/>
    <packageId value="de.medizininformatikinitiative.kerndatensatz.person"/>
    <version value="2.0.0-alpha3"/>
  </dependsOn>
  <dependsOn id="de_medizininformatikinitiative_kerndatensatz_medikation">
    <uri value="https://simplifier.net/guide/medizininformatikinitiative-modulmedikation-implementationguide"/>
    <packageId value="de.medizininformatikinitiative.kerndatensatz.medikation"/>
    <version value="1.0.10"/>
  </dependsOn>
  <dependsOn id="de_medizininformatikinitiative_kerndatensatz_diagnose">
    <uri value="https://simplifier.net/guide/medizininformatikinitiative-moduldiagnosen-implementationguide"/>
    <packageId value="de.medizininformatikinitiative.kerndatensatz.diagnose"/>
    <version value="2.0.0-alpha3"/>
  </dependsOn>
  <dependsOn id="de_medizininformatikinitiative_kerndatensatz_laborbefund">
    <uri value="https://simplifier.net/guide/laborbefundindermedizininformatik-initiative"/>
    <packageId value="de.medizininformatikinitiative.kerndatensatz.laborbefund"/>
    <version value="1.0.6"/>
  </dependsOn>
  <dependsOn id="de_gecco">
    <uri value="https://simplifier.net/guide/germancoronaconsensusdataset-implementationguide"/>
    <packageId value="de.gecco"/>
    <version value="1.0.5"/>
  </dependsOn>
  <dependsOn id="de_medizininformatikinitiative_kerndatensatz_meta">
    <uri value="https://simplifier.net/guide/medizininformatikinitiative-implementationguide-manteldokument"/>
    <packageId value="de.medizininformatikinitiative.kerndatensatz.meta"/>
    <version value="1.0.3"/>
  </dependsOn>
  <definition>
    <extension url="http://hl7.org/fhir/tools/StructureDefinition/ig-parameter">
      <extension url="code">
        <valueString value="copyrightyear"/>
      </extension>
      <extension url="value">
        <valueString value="2021+"/>
      </extension>
    </extension>
    <extension url="http://hl7.org/fhir/tools/StructureDefinition/ig-parameter">
      <extension url="code">
        <valueString value="releaselabel"/>
      </extension>
      <extension url="value">
        <valueString value="trial-use"/>
      </extension>
    </extension>
    <extension url="http://hl7.org/fhir/tools/StructureDefinition/ig-parameter">
      <extension url="code">
        <valueString value="active-tables"/>
      </extension>
      <extension url="value">
        <valueString value="true"/>
      </extension>
    </extension>
    <extension url="http://hl7.org/fhir/tools/StructureDefinition/ig-parameter">
      <extension url="code">
        <valueString value="apply-contact"/>
      </extension>
      <extension url="value">
        <valueString value="false"/>
      </extension>
    </extension>
    <extension url="http://hl7.org/fhir/tools/StructureDefinition/ig-parameter">
      <extension url="code">
        <valueString value="apply-jurisdiction"/>
      </extension>
      <extension url="value">
        <valueString value="false"/>
      </extension>
    </extension>
    <extension url="http://hl7.org/fhir/tools/StructureDefinition/ig-parameter">
      <extension url="code">
        <valueString value="apply-publisher"/>
      </extension>
      <extension url="value">
        <valueString value="false"/>
      </extension>
    </extension>
    <extension url="http://hl7.org/fhir/tools/StructureDefinition/ig-parameter">
      <extension url="code">
        <valueString value="apply-version"/>
      </extension>
      <extension url="value">
        <valueString value="false"/>
      </extension>
    </extension>
    <extension url="http://hl7.org/fhir/tools/StructureDefinition/ig-parameter">
      <extension url="code">
        <valueString value="show-inherited-invariants"/>
      </extension>
      <extension url="value">
        <valueString value="false"/>
      </extension>
    </extension>
    <extension url="http://hl7.org/fhir/tools/StructureDefinition/ig-parameter">
      <extension url="code">
        <valueString value="usage-stats-opt-out"/>
      </extension>
      <extension url="value">
        <valueString value="true"/>
      </extension>
    </extension>
    <extension url="http://hl7.org/fhir/tools/StructureDefinition/ig-parameter">
      <extension url="code">
        <valueString value="excludexml"/>
      </extension>
      <extension url="value">
        <valueString value="false"/>
      </extension>
    </extension>
    <extension url="http://hl7.org/fhir/tools/StructureDefinition/ig-parameter">
      <extension url="code">
        <valueString value="excludejsn"/>
      </extension>
      <extension url="value">
        <valueString value="false"/>
      </extension>
    </extension>
    <extension url="http://hl7.org/fhir/tools/StructureDefinition/ig-parameter">
      <extension url="code">
        <valueString value="excludettl"/>
      </extension>
      <extension url="value">
        <valueString value="true"/>
      </extension>
    </extension>
    <extension url="http://hl7.org/fhir/tools/StructureDefinition/ig-parameter">
      <extension url="code">
        <valueString value="excludemap"/>
      </extension>
      <extension url="value">
        <valueString value="true"/>
      </extension>
    </extension>
    <extension url="http://hl7.org/fhir/tools/StructureDefinition/ig-parameter">
      <extension url="code">
        <valueString value="excludeexample"/>
      </extension>
      <extension url="value">
        <valueString value="true"/>
      </extension>
    </extension>
    <extension url="http://hl7.org/fhir/tools/StructureDefinition/ig-parameter">
      <extension url="code">
        <valueString value="extension-domain"/>
      </extension>
      <extension url="value">
        <valueString value="https://www.netzwerk-universitaetsmedizin.de"/>
      </extension>
    </extension>
    <extension url="http://hl7.org/fhir/tools/StructureDefinition/ig-parameter">
      <extension url="code">
        <valueString value="extension-domain"/>
      </extension>
      <extension url="value">
        <valueString value="https://napkon.de"/>
      </extension>
    </extension>
    <extension url="http://hl7.org/fhir/tools/StructureDefinition/ig-parameter">
      <extension url="code">
        <valueString value="extension-domain"/>
      </extension>
      <extension url="value">
        <valueString value="https://simplifier.net"/>
      </extension>
    </extension>
    <extension url="http://hl7.org/fhir/tools/StructureDefinition/ig-parameter">
      <extension url="code">
        <valueString value="autoload-resources"/>
      </extension>
      <extension url="value">
        <valueString value="true"/>
      </extension>
    </extension>
    <extension url="http://hl7.org/fhir/tools/StructureDefinition/ig-parameter">
      <extension url="code">
        <valueString value="path-liquid"/>
      </extension>
      <extension url="value">
        <valueString value="template/liquid"/>
      </extension>
    </extension>
    <extension url="http://hl7.org/fhir/tools/StructureDefinition/ig-parameter">
      <extension url="code">
        <valueString value="path-liquid"/>
      </extension>
      <extension url="value">
        <valueString value="input/liquid"/>
      </extension>
    </extension>
    <extension url="http://hl7.org/fhir/tools/StructureDefinition/ig-parameter">
      <extension url="code">
        <valueString value="path-qa"/>
      </extension>
      <extension url="value">
        <valueString value="temp/qa"/>
      </extension>
    </extension>
    <extension url="http://hl7.org/fhir/tools/StructureDefinition/ig-parameter">
      <extension url="code">
        <valueString value="path-temp"/>
      </extension>
      <extension url="value">
        <valueString value="temp/pages"/>
      </extension>
    </extension>
    <extension url="http://hl7.org/fhir/tools/StructureDefinition/ig-parameter">
      <extension url="code">
        <valueString value="path-output"/>
      </extension>
      <extension url="value">
        <valueString value="output"/>
      </extension>
    </extension>
    <extension url="http://hl7.org/fhir/tools/StructureDefinition/ig-parameter">
      <extension url="code">
        <valueString value="path-suppressed-warnings"/>
      </extension>
      <extension url="value">
        <valueString value="input/ignoreWarnings.txt"/>
      </extension>
    </extension>
    <extension url="http://hl7.org/fhir/tools/StructureDefinition/ig-parameter">
      <extension url="code">
        <valueString value="path-history"/>
      </extension>
      <extension url="value">
        <valueString value="https://www.napkon.de/fhir/history.html"/>
      </extension>
    </extension>
    <extension url="http://hl7.org/fhir/tools/StructureDefinition/ig-parameter">
      <extension url="code">
        <valueString value="template-html"/>
      </extension>
      <extension url="value">
        <valueString value="template-page.html"/>
      </extension>
    </extension>
    <extension url="http://hl7.org/fhir/tools/StructureDefinition/ig-parameter">
      <extension url="code">
        <valueString value="template-md"/>
      </extension>
      <extension url="value">
        <valueString value="template-page-md.html"/>
      </extension>
    </extension>
    <extension url="http://hl7.org/fhir/tools/StructureDefinition/ig-parameter">
      <extension url="code">
        <valueString value="apply-context"/>
      </extension>
      <extension url="value">
        <valueString value="true"/>
      </extension>
    </extension>
    <extension url="http://hl7.org/fhir/tools/StructureDefinition/ig-parameter">
      <extension url="code">
        <valueString value="apply-copyright"/>
      </extension>
      <extension url="value">
        <valueString value="true"/>
      </extension>
    </extension>
    <extension url="http://hl7.org/fhir/tools/StructureDefinition/ig-parameter">
      <extension url="code">
        <valueString value="apply-license"/>
      </extension>
      <extension url="value">
        <valueString value="true"/>
      </extension>
    </extension>
    <resource>
      <extension url="http://hl7.org/fhir/tools/StructureDefinition/resource-information">
        <valueString value="StructureDefinition:resource"/>
      </extension>
      <reference>
        <reference value="StructureDefinition/bacterial-infection"/>
      </reference>
      <name value="Bacterial Infection"/>
      <description value="Occurrence of a bacterial infection"/>
      <exampleBoolean value="false"/>
    </resource>
    <resource>
      <extension url="http://hl7.org/fhir/tools/StructureDefinition/resource-information">
        <valueString value="StructureDefinition:resource"/>
      </extension>
      <reference>
        <reference value="StructureDefinition/birth-height"/>
      </reference>
      <name value="Birth Height"/>
      <description value="Birth Height of a patient in context of Pediatrics"/>
      <exampleBoolean value="false"/>
    </resource>
    <resource>
      <extension url="http://hl7.org/fhir/tools/StructureDefinition/resource-information">
        <valueString value="StructureDefinition:resource"/>
      </extension>
      <reference>
        <reference value="StructureDefinition/birth-height-percentiles"/>
      </reference>
      <name value="Birth Height with unit percentiles"/>
      <description value="Birth Height with unit percentiles in context of Pediatrics"/>
      <exampleBoolean value="false"/>
    </resource>
    <resource>
      <extension url="http://hl7.org/fhir/tools/StructureDefinition/resource-information">
        <valueString value="StructureDefinition:resource"/>
      </extension>
      <reference>
        <reference value="StructureDefinition/body-mass-index"/>
      </reference>
      <name value="Body Mass Index"/>
      <description value="Body mass index of a patient in context of Pediatrics"/>
      <exampleBoolean value="false"/>
    </resource>
    <resource>
      <extension url="http://hl7.org/fhir/tools/StructureDefinition/resource-information">
        <valueString value="StructureDefinition:resource"/>
      </extension>
      <reference>
        <reference value="StructureDefinition/body-mass-index-percentiles"/>
      </reference>
      <name value="Body Mass Index with unit percentiles"/>
      <description value="Body mass index with unit percentiles in context of Pediatrics"/>
      <exampleBoolean value="false"/>
    </resource>
    <resource>
      <extension url="http://hl7.org/fhir/tools/StructureDefinition/resource-information">
        <valueString value="StructureDefinition:resource"/>
      </extension>
      <reference>
        <reference value="StructureDefinition/covid19-complication"/>
      </reference>
      <name value="COVID-19 complication"/>
      <description value="Complication due to COVID-19"/>
      <exampleBoolean value="false"/>
    </resource>
    <resource>
      <extension url="http://hl7.org/fhir/tools/StructureDefinition/resource-information">
        <valueString value="StructureDefinition:resource"/>
      </extension>
      <reference>
        <reference value="StructureDefinition/covid19-symptoms"/>
      </reference>
      <name value="COVID-19 Symptoms"/>
      <description value="Additional COVID-19 symptoms"/>
      <exampleBoolean value="false"/>
    </resource>
    <resource>
      <extension url="http://hl7.org/fhir/tools/StructureDefinition/resource-information">
        <valueString value="StructureDefinition:resource"/>
      </extension>
      <reference>
        <reference value="StructureDefinition/chronic-hematologic-diseases"/>
      </reference>
      <name value="Chronic Hematologic Diseases"/>
      <description value="Chronic hematologic diseases as a risk factor for a severe course of an infection with SARS-CoV-2 in the context of pediatrics"/>
      <exampleBoolean value="false"/>
    </resource>
    <resource>
      <extension url="http://hl7.org/fhir/tools/StructureDefinition/resource-information">
        <valueString value="StructureDefinition:resource"/>
      </extension>
      <reference>
        <reference value="StructureDefinition/chronic-kidney-diseases"/>
      </reference>
      <name value="Chronic Kidney Diseases"/>
      <description value="Chronic kidney diseases in the context of pediatrics"/>
      <exampleBoolean value="false"/>
    </resource>
    <resource>
      <extension url="http://hl7.org/fhir/tools/StructureDefinition/resource-information">
        <valueString value="StructureDefinition:resource"/>
      </extension>
      <reference>
        <reference value="StructureDefinition/congenital-disease"/>
      </reference>
      <name value="Congenital Disease"/>
      <description value="Congenital disease in the context of the NAPKON pediatrics module"/>
      <exampleBoolean value="false"/>
    </resource>
    <resource>
      <extension url="http://hl7.org/fhir/tools/StructureDefinition/resource-information">
        <valueString value="StructureDefinition:resource"/>
      </extension>
      <reference>
        <reference value="StructureDefinition/fungal-infection"/>
      </reference>
      <name value="Fungal Infection"/>
      <description value="Occurrence of a fungal infection"/>
      <exampleBoolean value="false"/>
    </resource>
    <resource>
      <extension url="http://hl7.org/fhir/tools/StructureDefinition/resource-information">
        <valueString value="StructureDefinition:resource"/>
      </extension>
      <reference>
        <reference value="StructureDefinition/gastrointestinal-diseases"/>
      </reference>
      <name value="Gastrointestinal Diseases"/>
      <description value="Gastrointestinal diseases in the field of pediatrics as a risk factor for a severe course of an infection with SARS-CoV-2."/>
      <exampleBoolean value="false"/>
    </resource>
    <resource>
      <extension url="http://hl7.org/fhir/tools/StructureDefinition/resource-information">
        <valueString value="StructureDefinition:resource"/>
      </extension>
      <reference>
        <reference value="StructureDefinition/head-circumference"/>
      </reference>
      <name value="Head circumference"/>
      <description value="Head circumference of a patient in context of Pediatrics"/>
      <exampleBoolean value="false"/>
    </resource>
    <resource>
      <extension url="http://hl7.org/fhir/tools/StructureDefinition/resource-information">
        <valueString value="StructureDefinition:resource"/>
      </extension>
      <reference>
        <reference value="StructureDefinition/head-circumference-percentiles"/>
      </reference>
      <name value="Head circumference with unit percentiles"/>
      <description value="Head circumference with unit percentiles in context of Pediatrics"/>
      <exampleBoolean value="false"/>
    </resource>
    <resource>
      <extension url="http://hl7.org/fhir/tools/StructureDefinition/resource-information">
        <valueString value="StructureDefinition:resource"/>
      </extension>
      <reference>
        <reference value="StructureDefinition/imaging-procedures"/>
      </reference>
      <name value="Imaging Procedures"/>
      <description value="Records an application of a radiological imaging procedures performed on the patient (COVID-19 imaging procedures)"/>
      <exampleBoolean value="false"/>
    </resource>
    <resource>
      <extension url="http://hl7.org/fhir/tools/StructureDefinition/resource-information">
        <valueString value="StructureDefinition:resource"/>
      </extension>
      <reference>
        <reference value="StructureDefinition/immunosuppresive-permanent-medication"/>
      </reference>
      <name value="Immunosuppresive Permanent Medication"/>
      <description value="Immunosuppresive Permanent Medication"/>
      <exampleBoolean value="false"/>
    </resource>
    <resource>
      <extension url="http://hl7.org/fhir/tools/StructureDefinition/resource-information">
        <valueString value="StructureDefinition:resource"/>
      </extension>
      <reference>
        <reference value="StructureDefinition/intensive-care-treatment-duration"/>
      </reference>
      <name value="Intensive care treatment duration"/>
      <description value="Duration of intensive care treatment"/>
      <exampleBoolean value="false"/>
    </resource>
    <resource>
      <extension url="http://hl7.org/fhir/tools/StructureDefinition/resource-information">
        <valueString value="StructureDefinition:resource"/>
      </extension>
      <reference>
        <reference value="StructureDefinition/medical-history-stem-cell-transplant"/>
      </reference>
      <name value="Medical History Stem Cells Transplant"/>
      <description value="This profile describes a stem cell transplant for a pediatric patient."/>
      <exampleBoolean value="false"/>
    </resource>
    <resource>
      <extension url="http://hl7.org/fhir/tools/StructureDefinition/resource-information">
        <valueString value="StructureDefinition:resource"/>
      </extension>
      <reference>
        <reference value="StructureDefinition/pediatric-imaging-study"/>
      </reference>
      <name value="Pediatric Imaging Study"/>
      <description value="Records an application of a radiological imaging procedures performed on the patient (COVID-19 imaging procedures)"/>
      <exampleBoolean value="false"/>
    </resource>
    <resource>
      <extension url="http://hl7.org/fhir/tools/StructureDefinition/resource-information">
        <valueString value="StructureDefinition:resource"/>
      </extension>
      <reference>
        <reference value="StructureDefinition/pediatric-medication"/>
      </reference>
      <name value="Pediatric Medication"/>
      <description value="Medication taken by or given to a pediatric patient."/>
      <exampleBoolean value="false"/>
    </resource>
    <resource>
      <extension url="http://hl7.org/fhir/tools/StructureDefinition/resource-information">
        <valueString value="StructureDefinition:resource"/>
      </extension>
      <reference>
        <reference value="StructureDefinition/preadmission-medications"/>
      </reference>
      <name value="Preadmission Medications"/>
      <description value="List of medications taken before admission to a hospital"/>
      <exampleBoolean value="false"/>
    </resource>
    <resource>
      <extension url="http://hl7.org/fhir/tools/StructureDefinition/resource-information">
        <valueString value="StructureDefinition:resource"/>
      </extension>
      <reference>
        <reference value="StructureDefinition/sars-cov2-rt-pcr-specimen"/>
      </reference>
      <name value="SARS-CoV-2 RT PCR Specimen"/>
      <description value="Qualitative detection of SARS-CoV-2 in specimens by RT-PCR"/>
      <exampleBoolean value="false"/>
    </resource>
    <resource>
      <extension url="http://hl7.org/fhir/tools/StructureDefinition/resource-information">
        <valueString value="StructureDefinition:resource"/>
      </extension>
      <reference>
        <reference value="StructureDefinition/specimen-excreta"/>
      </reference>
      <name value="Specimen Excreta"/>
      <description value="Urine and Stool samples"/>
      <exampleBoolean value="false"/>
    </resource>
    <resource>
      <extension url="http://hl7.org/fhir/tools/StructureDefinition/resource-information">
        <valueString value="StructureDefinition:resource"/>
      </extension>
      <reference>
        <reference value="StructureDefinition/thoracic-drainage"/>
      </reference>
      <name value="Thoracic Drainge"/>
      <description value="Application of a thoracic drainage"/>
      <exampleBoolean value="false"/>
    </resource>
    <resource>
      <extension url="http://hl7.org/fhir/tools/StructureDefinition/resource-information">
        <valueString value="StructureDefinition:resource"/>
      </extension>
      <reference>
        <reference value="StructureDefinition/total-length-of-stay"/>
      </reference>
      <name value="Total length of stay"/>
      <description value="Total length of stay"/>
      <exampleBoolean value="false"/>
    </resource>
    <resource>
      <extension url="http://hl7.org/fhir/tools/StructureDefinition/resource-information">
        <valueString value="StructureDefinition:resource"/>
      </extension>
      <reference>
        <reference value="StructureDefinition/viral-infection"/>
      </reference>
      <name value="Viral Infection"/>
      <description value="Occurrence of a viral infection"/>
      <exampleBoolean value="false"/>
    </resource>
    <resource>
      <extension url="http://hl7.org/fhir/tools/StructureDefinition/resource-information">
        <valueString value="ValueSet"/>
      </extension>
      <reference>
        <reference value="ValueSet/bacterial-infectious-diseases"/>
      </reference>
      <name value="Bacterial Infectious Diseases"/>
      <description value="Value set of bacterial infections"/>
      <exampleBoolean value="false"/>
    </resource>
    <resource>
      <extension url="http://hl7.org/fhir/tools/StructureDefinition/resource-information">
        <valueString value="ValueSet"/>
      </extension>
      <reference>
        <reference value="ValueSet/covid19-complications-icd10-gm"/>
      </reference>
      <name value="COVID-19 complications ICD10 GM"/>
      <description value="Complications due to COVID-19"/>
      <exampleBoolean value="false"/>
    </resource>
    <resource>
      <extension url="http://hl7.org/fhir/tools/StructureDefinition/resource-information">
        <valueString value="ValueSet"/>
      </extension>
      <reference>
        <reference value="ValueSet/covid19-complications"/>
      </reference>
      <name value="COVID-19 complications"/>
      <description value="Complications due to COVID-19"/>
      <exampleBoolean value="false"/>
    </resource>
    <resource>
      <extension url="http://hl7.org/fhir/tools/StructureDefinition/resource-information">
        <valueString value="ValueSet"/>
      </extension>
      <reference>
        <reference value="ValueSet/covid-19-symptoms-icd-10-gm"/>
      </reference>
      <name value="COVID-19 symptoms (ICD-10-GM)"/>
      <description value="Symptoms due to COVID-19"/>
      <exampleBoolean value="false"/>
    </resource>
    <resource>
      <extension url="http://hl7.org/fhir/tools/StructureDefinition/resource-information">
        <valueString value="ValueSet"/>
      </extension>
      <reference>
        <reference value="ValueSet/covid-19-symptoms"/>
      </reference>
      <name value="COVID-19 symptoms"/>
      <description value="Symptoms due to COVID-19"/>
      <exampleBoolean value="false"/>
    </resource>
    <resource>
      <extension url="http://hl7.org/fhir/tools/StructureDefinition/resource-information">
        <valueString value="ValueSet"/>
      </extension>
      <reference>
        <reference value="ValueSet/chronic-hematologic-diseases-sct"/>
      </reference>
      <name value="Chronic Hematologic Diseases"/>
      <description value="Chronic hematologic diseases the context of pediatrics and COVID-19"/>
      <exampleBoolean value="false"/>
    </resource>
    <resource>
      <extension url="http://hl7.org/fhir/tools/StructureDefinition/resource-information">
        <valueString value="ValueSet"/>
      </extension>
      <reference>
        <reference value="ValueSet/chronic-hematologic-diseases-icd"/>
      </reference>
      <name value="Chronic hematologic diseases (ICD10-GM)"/>
      <description value="Chronic hematologic diseases in the context of pediatrics and COVID-19"/>
      <exampleBoolean value="false"/>
    </resource>
    <resource>
      <extension url="http://hl7.org/fhir/tools/StructureDefinition/resource-information">
        <valueString value="ValueSet"/>
      </extension>
      <reference>
        <reference value="ValueSet/chronic-kidney-diseases-icd"/>
      </reference>
      <name value="Value Set of Chronic Kidney Diseases"/>
      <description value="Chronic kidney diseases in the context of pediatrics"/>
      <exampleBoolean value="false"/>
    </resource>
    <resource>
      <extension url="http://hl7.org/fhir/tools/StructureDefinition/resource-information">
        <valueString value="ValueSet"/>
      </extension>
      <reference>
        <reference value="ValueSet/chronic-kidney-diseases-sct"/>
      </reference>
      <name value="Value Set of Chronic Kidney Diseases"/>
      <description value="Chronic kidney diseases in the context of pediatrics"/>
      <exampleBoolean value="false"/>
    </resource>
    <resource>
      <extension url="http://hl7.org/fhir/tools/StructureDefinition/resource-information">
        <valueString value="ValueSet"/>
      </extension>
      <reference>
        <reference value="ValueSet/congenital-diseases"/>
      </reference>
      <name value="Congenital Diseases"/>
      <description value="Congenital diseases"/>
      <exampleBoolean value="false"/>
    </resource>
    <resource>
      <extension url="http://hl7.org/fhir/tools/StructureDefinition/resource-information">
        <valueString value="ValueSet"/>
      </extension>
      <reference>
        <reference value="ValueSet/detected-not-detected-unknown-undetermined"/>
      </reference>
      <name value="Detected Not Detected Unknown Undetermined"/>
      <description value="Values for laboratory observations"/>
      <exampleBoolean value="false"/>
    </resource>
    <resource>
      <extension url="http://hl7.org/fhir/tools/StructureDefinition/resource-information">
        <valueString value="ValueSet"/>
      </extension>
      <reference>
        <reference value="ValueSet/Excreta"/>
      </reference>
      <name value="Excreta"/>
      <description value="Codes for excreta (stool and urine)"/>
      <exampleBoolean value="false"/>
    </resource>
    <resource>
      <extension url="http://hl7.org/fhir/tools/StructureDefinition/resource-information">
        <valueString value="ValueSet"/>
      </extension>
      <reference>
        <reference value="ValueSet/fungal-infections-icd10-gm"/>
      </reference>
      <name value="Fungal Infections ICD10 GM"/>
      <description value="Value set of fungal infections"/>
      <exampleBoolean value="false"/>
    </resource>
    <resource>
      <extension url="http://hl7.org/fhir/tools/StructureDefinition/resource-information">
        <valueString value="ValueSet"/>
      </extension>
      <reference>
        <reference value="ValueSet/fungal-infections-sct"/>
      </reference>
      <name value="Fungal Infections SNOMED CT"/>
      <description value="Value set of fungal infections"/>
      <exampleBoolean value="false"/>
    </resource>
    <resource>
      <extension url="http://hl7.org/fhir/tools/StructureDefinition/resource-information">
        <valueString value="ValueSet"/>
      </extension>
      <reference>
        <reference value="ValueSet/gastrointestinal-diseases-sct"/>
      </reference>
      <name value="Value Set of Gastrointestinal Diseases"/>
      <description value="Gastrointestinal diseases in the context of pediatrics and COVID-19"/>
      <exampleBoolean value="false"/>
    </resource>
    <resource>
      <extension url="http://hl7.org/fhir/tools/StructureDefinition/resource-information">
        <valueString value="ValueSet"/>
      </extension>
      <reference>
        <reference value="ValueSet/gastrointestinal-diseases-icd"/>
      </reference>
      <name value="Value Set of Gastrointestinal Diseases ICD"/>
      <description value="Gastrointestinal diseases in the context of pediatrics and COVID-19"/>
      <exampleBoolean value="false"/>
    </resource>
    <resource>
      <extension url="http://hl7.org/fhir/tools/StructureDefinition/resource-information">
        <valueString value="ValueSet"/>
      </extension>
      <reference>
        <reference value="ValueSet/imaging-procedures-dicom"/>
      </reference>
      <name value="Value Set of imaging procedures in dicom format"/>
      <description value="Imaging procedures in the context of pediatrics and COVID-19"/>
      <exampleBoolean value="false"/>
    </resource>
    <resource>
      <extension url="http://hl7.org/fhir/tools/StructureDefinition/resource-information">
        <valueString value="ValueSet"/>
      </extension>
      <reference>
        <reference value="ValueSet/imaging-procedures-sct"/>
      </reference>
      <name value="Value Set of imaging procedures from SNOMED CT"/>
      <description value="Imaging procedures in the context of pediatrics and COVID-19"/>
      <exampleBoolean value="false"/>
    </resource>
    <resource>
      <extension url="http://hl7.org/fhir/tools/StructureDefinition/resource-information">
        <valueString value="ValueSet"/>
      </extension>
      <reference>
        <reference value="ValueSet/immunosuppressive-permament-medications"/>
      </reference>
      <name value="Immunosuppressive Permanent Medications"/>
      <description value="Immunosuppressive medications"/>
      <exampleBoolean value="false"/>
    </resource>
    <resource>
      <extension url="http://hl7.org/fhir/tools/StructureDefinition/resource-information">
        <valueString value="ValueSet"/>
      </extension>
      <reference>
        <reference value="ValueSet/immunosuppressive-permament-medications-atc"/>
      </reference>
      <name value="Immunosuppressive Permanent Medications ATC"/>
      <description value="Immunosuppressive Medications ATC codes"/>
      <exampleBoolean value="false"/>
    </resource>
    <resource>
      <extension url="http://hl7.org/fhir/tools/StructureDefinition/resource-information">
        <valueString value="ValueSet"/>
      </extension>
      <reference>
        <reference value="ValueSet/laboratory-tests"/>
      </reference>
      <name value="Laboratory Tests"/>
      <description value="Laboratory tests in the context of NAPKON Pediatrics Module"/>
      <exampleBoolean value="false"/>
    </resource>
    <resource>
      <extension url="http://hl7.org/fhir/tools/StructureDefinition/resource-information">
        <valueString value="ValueSet"/>
      </extension>
      <reference>
        <reference value="ValueSet/medical-history-stem-cell-transplant"/>
      </reference>
      <name value="Medical History Stem Cell Transplants"/>
      <description value="Medical history linked to stem cells or bone marrow transplant for pediatric patients"/>
      <exampleBoolean value="false"/>
    </resource>
    <resource>
      <extension url="http://hl7.org/fhir/tools/StructureDefinition/resource-information">
        <valueString value="ValueSet"/>
      </extension>
      <reference>
        <reference value="ValueSet/medical-history-stem-cell-transplant-icd"/>
      </reference>
      <name value="Medical History Stem Cell Transplants ICD"/>
      <description value="Medical history linked to stem cells or bone marrow transplant for pediatric patients"/>
      <exampleBoolean value="false"/>
    </resource>
    <resource>
      <extension url="http://hl7.org/fhir/tools/StructureDefinition/resource-information">
        <valueString value="ValueSet"/>
      </extension>
      <reference>
        <reference value="ValueSet/medication-pediatrics-atc-de"/>
      </reference>
      <name value="Medication Pediatrics ATC DE"/>
      <description value="Medication used in the case of a of COVID-19 infection for a pediatric patient"/>
      <exampleBoolean value="false"/>
    </resource>
    <resource>
      <extension url="http://hl7.org/fhir/tools/StructureDefinition/resource-information">
        <valueString value="ValueSet"/>
      </extension>
      <reference>
        <reference value="ValueSet/medication-pediatrics-sct"/>
      </reference>
      <name value="Medication Pediatrics SNOMED CT"/>
      <description value="Medication used in the case of a of COVID-19 infection for a pediatric patient"/>
      <exampleBoolean value="false"/>
    </resource>
    <resource>
      <extension url="http://hl7.org/fhir/tools/StructureDefinition/resource-information">
        <valueString value="ValueSet"/>
      </extension>
      <reference>
        <reference value="ValueSet/present-not-present-undetermined-other"/>
      </reference>
      <name value="Present Not Present Undetermined Other"/>
      <description value="Values for laboratory observations"/>
      <exampleBoolean value="false"/>
    </resource>
    <resource>
      <extension url="http://hl7.org/fhir/tools/StructureDefinition/resource-information">
        <valueString value="ValueSet"/>
      </extension>
      <reference>
        <reference value="ValueSet/restricted-event-status"/>
      </reference>
      <name value="RestrictedEventStatus"/>
      <description value="EventStatus value set restricted to codes not-done, active, completed and unknown"/>
      <exampleBoolean value="false"/>
    </resource>
    <resource>
      <extension url="http://hl7.org/fhir/tools/StructureDefinition/resource-information">
        <valueString value="ValueSet"/>
      </extension>
      <reference>
        <reference value="ValueSet/viral-infectious-diseases"/>
      </reference>
      <name value="Viral Infectious Diseases"/>
      <description value="Viral infectious diseases in the context of pediatrics"/>
      <exampleBoolean value="false"/>
    </resource>
    <resource>
      <extension url="http://hl7.org/fhir/tools/StructureDefinition/resource-information">
        <valueString value="ValueSet"/>
      </extension>
      <reference>
        <reference value="ValueSet/yes-no-unknown"/>
      </reference>
      <name value="Yes No Unknown"/>
      <description value="Yes / No / Unknown"/>
      <exampleBoolean value="false"/>
    </resource>
    <resource>
      <extension url="http://hl7.org/fhir/tools/StructureDefinition/resource-information">
        <valueString value="CodeSystem"/>
      </extension>
      <reference>
        <reference value="CodeSystem/napkon-pediatrics-module"/>
      </reference>
      <name value="NapkonPediatricsModule"/>
      <description value="NAPKON Pediatrics Module Code System - Collection of pediatrics module-specific codes that are missing from common terminologies such as SNOMED CT"/>
      <exampleBoolean value="false"/>
    </resource>
    <resource>
      <extension url="http://hl7.org/fhir/tools/StructureDefinition/resource-information">
        <valueString value="Condition"/>
      </extension>
      <reference>
        <reference value="Condition/BacterialInfectionConfirmed"/>
      </reference>
      <name value="Bacterial Infection Confirmed"/>
      <description value="Example of a confirmed bacterial infection"/>
      <exampleCanonical value="https://www.napkon.de/fhir/StructureDefinition/bacterial-infection"/>
    </resource>
    <resource>
      <extension url="http://hl7.org/fhir/tools/StructureDefinition/resource-information">
        <valueString value="Condition"/>
      </extension>
      <reference>
        <reference value="Condition/BacterialInfectionRefuted"/>
      </reference>
      <name value="Bacterial Infection Refuted"/>
      <description value="Example of a refuted bacterial infection"/>
      <exampleCanonical value="https://www.napkon.de/fhir/StructureDefinition/bacterial-infection"/>
    </resource>
    <resource>
      <extension url="http://hl7.org/fhir/tools/StructureDefinition/resource-information">
        <valueString value="Condition"/>
      </extension>
      <reference>
        <reference value="Condition/COVID19Complication"/>
      </reference>
      <name value="COVID-19 Complication"/>
      <description value="Example of a COVID-19 complication"/>
      <exampleCanonical value="https://www.napkon.de/fhir/StructureDefinition/covid19-complication"/>
    </resource>
    <resource>
      <extension url="http://hl7.org/fhir/tools/StructureDefinition/resource-information">
        <valueString value="Condition"/>
      </extension>
      <reference>
        <reference value="Condition/COVID19Symptoms"/>
      </reference>
      <name value="COVID19 Symptom"/>
      <description value="Example of a COVID-19 complication"/>
      <exampleCanonical value="https://www.napkon.de/fhir/StructureDefinition/covid19-symptoms"/>
    </resource>
    <resource>
      <extension url="http://hl7.org/fhir/tools/StructureDefinition/resource-information">
        <valueString value="Condition"/>
      </extension>
      <reference>
        <reference value="Condition/CongenitalAtransferrinemiaConfirmed"/>
      </reference>
      <name value="Congenital Atransferrinemia confirmed"/>
      <description value="Example: Confirmed congenital atransferrinemia"/>
      <exampleCanonical value="https://www.napkon.de/fhir/StructureDefinition/congenital-disease"/>
    </resource>
    <resource>
      <extension url="http://hl7.org/fhir/tools/StructureDefinition/resource-information">
        <valueString value="Patient"/>
      </extension>
      <reference>
        <reference value="Patient/ExamplePatient"/>
      </reference>
      <name value="ExamplePatient"/>
      <description value="Example patient to be used as reference in other instances"/>
      <exampleBoolean value="true"/>
    </resource>
    <resource>
      <extension url="http://hl7.org/fhir/tools/StructureDefinition/resource-information">
        <valueString value="Condition"/>
      </extension>
      <reference>
        <reference value="Condition/FungalInfectionConfirmed"/>
      </reference>
      <name value="Fungal Infection Confirmed"/>
      <description value="Example of a confirmed fungal infection"/>
      <exampleCanonical value="https://www.napkon.de/fhir/StructureDefinition/fungal-infection"/>
    </resource>
    <resource>
      <extension url="http://hl7.org/fhir/tools/StructureDefinition/resource-information">
        <valueString value="Condition"/>
      </extension>
      <reference>
        <reference value="Condition/FungalInfectionUnknown"/>
      </reference>
      <name value="Fungal Infection Unknown"/>
      <description value="Example of a fungal infection where the presence is unknown"/>
      <exampleCanonical value="https://www.napkon.de/fhir/StructureDefinition/fungal-infection"/>
    </resource>
    <resource>
      <extension url="http://hl7.org/fhir/tools/StructureDefinition/resource-information">
        <valueString value="Procedure"/>
      </extension>
      <reference>
        <reference value="Procedure/ImagingProcedures"/>
      </reference>
      <name value="imaging-procedure-instance"/>
      <description value="Example of a performed radiology/imaging procedure for pediatric patients when treating COVID-19."/>
      <exampleCanonical value="https://www.napkon.de/fhir/StructureDefinition/imaging-procedures"/>
    </resource>
    <resource>
      <extension url="http://hl7.org/fhir/tools/StructureDefinition/resource-information">
        <valueString value="ImagingStudy"/>
      </extension>
      <reference>
        <reference value="ImagingStudy/ImagingStudyPTHeart"/>
      </reference>
      <name value="Imaging Study"/>
      <description value="Example of a concrete imaging study performed on a patient"/>
      <exampleCanonical value="https://www.napkon.de/fhir/StructureDefinition/pediatric-imaging-study"/>
    </resource>
    <resource>
      <extension url="http://hl7.org/fhir/tools/StructureDefinition/resource-information">
        <valueString value="MedicationStatement"/>
      </extension>
      <reference>
        <reference value="MedicationStatement/ImmunosuppresivePermanentMedication"/>
      </reference>
      <name value="Immunosuppresive Permanent Medication"/>
      <description value="Example of a Immunosuppresive Permanent Medication"/>
      <exampleCanonical value="https://www.napkon.de/fhir/StructureDefinition/immunosuppresive-permanent-medication"/>
    </resource>
    <resource>
      <extension url="http://hl7.org/fhir/tools/StructureDefinition/resource-information">
        <valueString value="Observation"/>
      </extension>
      <reference>
        <reference value="Observation/IntensiveCareTreatmentDuration"/>
      </reference>
      <name value="Intensive Care Treatment Duration"/>
      <description value="Example of an intensive care treatment duration"/>
      <exampleCanonical value="https://www.napkon.de/fhir/StructureDefinition/intensive-care-treatment-duration"/>
    </resource>
    <resource>
      <extension url="http://hl7.org/fhir/tools/StructureDefinition/resource-information">
        <valueString value="MedicationStatement"/>
      </extension>
      <reference>
        <reference value="MedicationStatement/PediatricMedicationATCDE"/>
      </reference>
      <name value="Pediatric Medication ATC DE"/>
      <description value="Example prescription of a medication or consumption by a pediatric patient "/>
      <exampleCanonical value="https://www.napkon.de/fhir/StructureDefinition/pediatric-medication"/>
    </resource>
    <resource>
      <extension url="http://hl7.org/fhir/tools/StructureDefinition/resource-information">
        <valueString value="MedicationStatement"/>
      </extension>
      <reference>
        <reference value="MedicationStatement/PediatricMedicationSCT"/>
      </reference>
      <name value="Pediatric Medication SNOMED CT"/>
      <description value="Example prescription of a medication or consumption by a pediatric patient "/>
      <exampleCanonical value="https://www.napkon.de/fhir/StructureDefinition/pediatric-medication"/>
    </resource>
    <resource>
      <extension url="http://hl7.org/fhir/tools/StructureDefinition/resource-information">
        <valueString value="Observation"/>
      </extension>
      <reference>
        <reference value="Observation/SarsCoV2RTPCRStoolDetected"/>
      </reference>
      <name value="SARS-CoV-2 RT PCR Stool Detected"/>
      <description value="Example of a SARS-CoV-2 RT PCR from a stool sample that is detected"/>
      <exampleCanonical value="https://www.napkon.de/fhir/StructureDefinition/sars-cov2-rt-pcr-specimen"/>
    </resource>
    <resource>
      <extension url="http://hl7.org/fhir/tools/StructureDefinition/resource-information">
        <valueString value="Observation"/>
      </extension>
      <reference>
        <reference value="Observation/SarsCoV2RTPCRStoolNotDetected"/>
      </reference>
      <name value="SARS-CoV-2 RT PCR Stool Not Detected"/>
      <description value="Example of a SARS-CoV-2 RT PCR from a stool sample that is not detected"/>
      <exampleCanonical value="https://www.napkon.de/fhir/StructureDefinition/sars-cov2-rt-pcr-specimen"/>
    </resource>
    <resource>
      <extension url="http://hl7.org/fhir/tools/StructureDefinition/resource-information">
        <valueString value="Observation"/>
      </extension>
      <reference>
        <reference value="Observation/SarsCoV2RTPCRUrineInconclusive"/>
      </reference>
      <name value="SARS-CoV-2 RT PCR Urine Inconclusive"/>
      <description value="Example of a SARS-CoV-2 RT PCR from a urine sample that is inconclusive"/>
      <exampleCanonical value="https://www.napkon.de/fhir/StructureDefinition/sars-cov2-rt-pcr-specimen"/>
    </resource>
    <resource>
      <extension url="http://hl7.org/fhir/tools/StructureDefinition/resource-information">
        <valueString value="Specimen"/>
      </extension>
      <reference>
        <reference value="Specimen/SpecimenStool"/>
      </reference>
      <name value="Specimen Stool"/>
      <description value="Stool sample"/>
      <exampleCanonical value="https://www.napkon.de/fhir/StructureDefinition/specimen-excreta"/>
    </resource>
    <resource>
      <extension url="http://hl7.org/fhir/tools/StructureDefinition/resource-information">
        <valueString value="Specimen"/>
      </extension>
      <reference>
        <reference value="Specimen/SpecimenUrine"/>
      </reference>
      <name value="Specimen Urine"/>
      <description value="Urine sample"/>
      <exampleCanonical value="https://www.napkon.de/fhir/StructureDefinition/specimen-excreta"/>
    </resource>
    <resource>
      <extension url="http://hl7.org/fhir/tools/StructureDefinition/resource-information">
        <valueString value="Procedure"/>
      </extension>
      <reference>
        <reference value="Procedure/ThoracicDrainageCompleted"/>
      </reference>
      <name value="Thoracic Drainage Completed"/>
      <description value="Example of a thoracic drainage that was completed"/>
      <exampleCanonical value="https://www.napkon.de/fhir/StructureDefinition/thoracic-drainage"/>
    </resource>
    <resource>
      <extension url="http://hl7.org/fhir/tools/StructureDefinition/resource-information">
        <valueString value="Procedure"/>
      </extension>
      <reference>
        <reference value="Procedure/ThoracicDrainageNotDone"/>
      </reference>
      <name value="Thoracic Drainage Not Done"/>
      <description value="Example of a thoracic drainage that was not performed"/>
      <exampleCanonical value="https://www.napkon.de/fhir/StructureDefinition/thoracic-drainage"/>
    </resource>
    <resource>
      <extension url="http://hl7.org/fhir/tools/StructureDefinition/resource-information">
        <valueString value="Procedure"/>
      </extension>
      <reference>
        <reference value="Procedure/ThoracicDrainageUnknown"/>
      </reference>
      <name value="Thoracic Drainage Unknown"/>
      <description value="Example of a thoracic drainage for which it is not known if it was performed or not"/>
      <exampleCanonical value="https://www.napkon.de/fhir/StructureDefinition/thoracic-drainage"/>
    </resource>
    <resource>
      <extension url="http://hl7.org/fhir/tools/StructureDefinition/resource-information">
        <valueString value="Observation"/>
      </extension>
      <reference>
        <reference value="Observation/TotalLengthOfStay"/>
      </reference>
      <name value="Total Length of Stay"/>
      <description value="Example of an total length of stay"/>
      <exampleCanonical value="https://www.napkon.de/fhir/StructureDefinition/total-length-of-stay"/>
    </resource>
    <resource>
      <extension url="http://hl7.org/fhir/tools/StructureDefinition/resource-information">
        <valueString value="Condition"/>
      </extension>
      <reference>
        <reference value="Condition/ViralInfectionConfirmed"/>
      </reference>
      <name value="Viral Infection Confirmed"/>
      <description value="Example of a confirmed viral infection"/>
      <exampleCanonical value="https://www.napkon.de/fhir/StructureDefinition/viral-infection"/>
    </resource>
    <resource>
      <extension url="http://hl7.org/fhir/tools/StructureDefinition/resource-information">
        <valueString value="Condition"/>
      </extension>
      <reference>
        <reference value="Condition/ViralInfectionRefuted"/>
      </reference>
      <name value="Viral Infection Refuted"/>
      <description value="Example of a refuted viral infection"/>
      <exampleCanonical value="https://www.napkon.de/fhir/StructureDefinition/viral-infection"/>
    </resource>
    <resource>
      <extension url="http://hl7.org/fhir/tools/StructureDefinition/resource-information">
        <valueString value="Observation"/>
      </extension>
      <reference>
        <reference value="Observation/birth-height-circumference-percentiles"/>
      </reference>
      <name value="Instance of fhir resource birth height (unit percentiles) in the context of pediatrics"/>
      <description value="Example of a birth height"/>
      <exampleCanonical value="https://www.napkon.de/fhir/StructureDefinition/birth-height-percentiles"/>
    </resource>
    <resource>
      <extension url="http://hl7.org/fhir/tools/StructureDefinition/resource-information">
        <valueString value="Observation"/>
      </extension>
      <reference>
        <reference value="Observation/instance-birth-height"/>
      </reference>
      <name value="Instance of fhir resource birth height in the context of pediatrics"/>
      <description value="Example of birth height"/>
      <exampleCanonical value="https://www.napkon.de/fhir/StructureDefinition/birth-height"/>
    </resource>
    <resource>
      <extension url="http://hl7.org/fhir/tools/StructureDefinition/resource-information">
        <valueString value="Observation"/>
      </extension>
      <reference>
        <reference value="Observation/instance-body-mass-index"/>
      </reference>
      <name value="Instance of fhir resource body mass index in the context of pediatrics"/>
      <description value="Example of body mass index"/>
      <exampleCanonical value="https://www.napkon.de/fhir/StructureDefinition/body-mass-index"/>
    </resource>
    <resource>
      <extension url="http://hl7.org/fhir/tools/StructureDefinition/resource-information">
        <valueString value="Observation"/>
      </extension>
      <reference>
        <reference value="Observation/instance-body-mass-index-percentiles"/>
      </reference>
      <name value="Instance of fhir resource body mass index in the context of pediatrics"/>
      <description value="Example of body mass index with unit percentiles"/>
      <exampleCanonical value="https://www.napkon.de/fhir/StructureDefinition/body-mass-index-percentiles"/>
    </resource>
    <resource>
      <extension url="http://hl7.org/fhir/tools/StructureDefinition/resource-information">
        <valueString value="Condition"/>
      </extension>
      <reference>
        <reference value="Condition/instance-chronic-hematologic-diseases"/>
      </reference>
      <name value="Instance of fhir resource chronic hematologic diseases in the context of pediatrics"/>
      <description value="Example of a chronic hematologic diseases"/>
      <exampleCanonical value="https://www.napkon.de/fhir/StructureDefinition/chronic-hematologic-diseases"/>
    </resource>
    <resource>
      <extension url="http://hl7.org/fhir/tools/StructureDefinition/resource-information">
        <valueString value="Condition"/>
      </extension>
      <reference>
        <reference value="Condition/instance-chronic-hematologic-diseases-icd"/>
      </reference>
      <name value="Instance of fhir resource chronic hematologic diseases in the context of pediatrics"/>
      <description value="Example of a chronic hematologic diseases"/>
      <exampleCanonical value="https://www.napkon.de/fhir/StructureDefinition/chronic-hematologic-diseases"/>
    </resource>
    <resource>
      <extension url="http://hl7.org/fhir/tools/StructureDefinition/resource-information">
        <valueString value="Condition"/>
      </extension>
      <reference>
        <reference value="Condition/instance-chronic-kidney-diseases-icd"/>
      </reference>
      <name value="Instance of fhir resource chronic kidney diseases in the context of pediatrics"/>
      <description value="Example or chronic kidney diseases"/>
      <exampleCanonical value="https://www.napkon.de/fhir/StructureDefinition/chronic-kidney-diseases"/>
    </resource>
    <resource>
      <extension url="http://hl7.org/fhir/tools/StructureDefinition/resource-information">
        <valueString value="Condition"/>
      </extension>
      <reference>
        <reference value="Condition/instance-chronic-kidney-diseases-sct"/>
      </reference>
      <name value="Instance of fhir resource chronic kidney diseases in the context of pediatrics"/>
      <description value="Example or chronic kidney diseases"/>
      <exampleCanonical value="https://www.napkon.de/fhir/StructureDefinition/chronic-kidney-diseases"/>
    </resource>
    <resource>
      <extension url="http://hl7.org/fhir/tools/StructureDefinition/resource-information">
        <valueString value="Condition"/>
      </extension>
      <reference>
        <reference value="Condition/instance-gastrointestinal-diseases"/>
      </reference>
      <name value="Instance of fhir resource sgastrointestinal-diseases in the context of pediatrics"/>
      <description value="Example of a gastrointestinal disease"/>
      <exampleCanonical value="https://www.napkon.de/fhir/StructureDefinition/gastrointestinal-diseases"/>
    </resource>
    <resource>
      <extension url="http://hl7.org/fhir/tools/StructureDefinition/resource-information">
        <valueString value="Condition"/>
      </extension>
      <reference>
        <reference value="Condition/instance-gastrointestinal-diseases-icd"/>
      </reference>
      <name value="Instance of fhir resource sgastrointestinal-diseases in the context of pediatrics"/>
      <description value="Example of a gastrointestinal disease"/>
      <exampleCanonical value="https://www.napkon.de/fhir/StructureDefinition/gastrointestinal-diseases"/>
    </resource>
    <resource>
      <extension url="http://hl7.org/fhir/tools/StructureDefinition/resource-information">
        <valueString value="Observation"/>
      </extension>
      <reference>
        <reference value="Observation/instance-head-circumference"/>
      </reference>
      <name value="Instance of fhir resource head circumference (unit cm) in the context of pediatrics"/>
      <description value="Example of a head circumference"/>
      <exampleCanonical value="https://www.napkon.de/fhir/StructureDefinition/head-circumference"/>
    </resource>
    <resource>
      <extension url="http://hl7.org/fhir/tools/StructureDefinition/resource-information">
        <valueString value="Observation"/>
      </extension>
      <reference>
        <reference value="Observation/instance-head-circumference-percentiles"/>
      </reference>
      <name value="Instance of fhir resource head circumference (unit percentiles) in thr context of pediatrics"/>
      <description value="Example of a head circumference"/>
      <exampleCanonical value="https://www.napkon.de/fhir/StructureDefinition/head-circumference-percentiles"/>
    </resource>
    <resource>
      <extension url="http://hl7.org/fhir/tools/StructureDefinition/resource-information">
        <valueString value="Condition"/>
      </extension>
      <reference>
        <reference value="Condition/medical-history-stem-cell-transplant-instance"/>
      </reference>
      <name value="medical-history-stem-cell-transplant-instance"/>
      <description value="This profile describes a stem cell transplant for a pediatric patient."/>
      <exampleCanonical value="https://www.napkon.de/fhir/StructureDefinition/medical-history-stem-cell-transplant"/>
    </resource>
    <resource>
      <extension url="http://hl7.org/fhir/tools/StructureDefinition/resource-information">
        <valueString value="List"/>
      </extension>
      <reference>
        <reference value="List/preadmission-medications"/>
      </reference>
      <name value="preadmission-medications"/>
      <description value="Example list of medications before the admission of the patient to the hospital"/>
      <exampleCanonical value="https://www.napkon.de/fhir/StructureDefinition/preadmission-medications"/>
    </resource>
    <page>
      <nameUrl value="toc.html"/>
      <title value="Table of Contents"/>
      <generation value="html"/>
      <page>
        <nameUrl value="index.html"/>
        <title value="NAPKON Pediatrics Module"/>
        <generation value="markdown"/>
      </page>
      <page>
        <nameUrl value="profiles.html"/>
        <title value="Profiles"/>
        <generation value="markdown"/>
      </page>
      <page>
        <nameUrl value="codesystems.html"/>
        <title value="Code Systems"/>
        <generation value="markdown"/>
      </page>
      <page>
        <nameUrl value="valuesets.html"/>
        <title value="Value Sets"/>
        <generation value="markdown"/>
      </page>
      <page>
        <nameUrl value="extensions.html"/>
        <title value="Extensions"/>
        <generation value="markdown"/>
      </page>
      <page>
        <nameUrl value="examples.html"/>
        <title value="Examples"/>
        <generation value="markdown"/>
      </page>
      <page>
        <nameUrl value="downloads.html"/>
        <title value="Downloads"/>
        <generation value="html"/>
      </page>
      <page>
        <nameUrl value="changelog.html"/>
        <title value="Change Log"/>
        <generation value="markdown"/>
      </page>
      <page>
        <nameUrl value="artifacts.html"/>
        <title value="Artifacts"/>
        <generation value="html"/>
        <page>
          <nameUrl value="gecco-sars-cov-2-rt-pcr.html"/>
          <title value="GECCO SARS-CoV-2 RT PCR in respiratory specimen"/>
          <generation value="markdown"/>
        </page>
        <page>
          <nameUrl value="gecco-immunization.html"/>
          <title value="GECCO History of Vaccination"/>
          <generation value="markdown"/>
        </page>
      </page>
    </page>
    <parameter>
      <code value="path-resource"/>
      <value value="input/capabilities"/>
    </parameter>
    <parameter>
      <code value="path-resource"/>
      <value value="input/examples"/>
    </parameter>
    <parameter>
      <code value="path-resource"/>
      <value value="input/extensions"/>
    </parameter>
    <parameter>
      <code value="path-resource"/>
      <value value="input/models"/>
    </parameter>
    <parameter>
      <code value="path-resource"/>
      <value value="input/operations"/>
    </parameter>
    <parameter>
      <code value="path-resource"/>
      <value value="input/profiles"/>
    </parameter>
    <parameter>
      <code value="path-resource"/>
      <value value="input/resources"/>
    </parameter>
    <parameter>
      <code value="path-resource"/>
      <value value="input/vocabulary"/>
    </parameter>
    <parameter>
      <code value="path-resource"/>
      <value value="input/maps"/>
    </parameter>
    <parameter>
      <code value="path-resource"/>
      <value value="input/testing"/>
    </parameter>
    <parameter>
      <code value="path-resource"/>
      <value value="input/history"/>
    </parameter>
    <parameter>
      <code value="path-resource"/>
      <value value="fsh-generated/resources"/>
    </parameter>
    <parameter>
      <code value="path-pages"/>
      <value value="template/config"/>
    </parameter>
    <parameter>
      <code value="path-pages"/>
      <value value="input/images"/>
    </parameter>
    <parameter>
      <code value="path-tx-cache"/>
      <value value="input-cache/txcache"/>
    </parameter>
  </definition>
</ImplementationGuide>