<?xml version="1.0" encoding="UTF-8"?>

<Observation xmlns="http://hl7.org/fhir">
  <id value="SarsCoV2RTPCRStoolNotDetected"/>
  <meta>
    <profile value="https://www.napkon.de/fhir/StructureDefinition/sars-cov2-rt-pcr-specimen"/>
  </meta>
  <text>
    <status value="generated"/><div xmlns="http://www.w3.org/1999/xhtml"><p><b>Generated Narrative</b></p><p><b>identifier</b>: Observation Instance Identifier: 1988-5_c-reactive-protein-mass-per-volume-in-serum-or-plasma</p><p></p><p><b>category</b>: <span title="Codes: {http://loinc.org 26436-6}, {http://terminology.hl7.org/CodeSystem/observation-category laboratory}">Laboratory studies (set)</span></p><p><b>code</b>: <span title="Codes: {http://loinc.org 94309-2}">SARS-CoV-2 (COVID-19) RNA [Presence] in Specimen by NAA with probe detection</span></p><p><b>subject</b>: <a href="Patient-ExamplePatient.html">Generated Summary: Medical record number: napkon-example-patient; maxi musterperson (OFFICIAL); gender: unknown; birthDate: 1990-08-08</a></p><p><b>effective</b>: 2021-11-09</p><p><b>value</b>: <span title="Codes: {http://snomed.info/sct 260415000}">Not detected (qualifier value)</span></p><p><b>specimen</b>: <a href="Specimen-SpecimenStool.html">Generated Summary: <span title="Codes: {http://terminology.hl7.org/CodeSystem/v2-0487 STL}">Stool = Fecal</span></a></p></div>
  </text>
  <identifier>
    <type>
      <coding>
        <system value="http://terminology.hl7.org/CodeSystem/v2-0203"/>
        <code value="OBI"/>
      </coding>
      <coding>
        <system value="http://terminology.hl7.org/CodeSystem/v2-0203"/>
        <code value="OBI"/>
      </coding>
    </type>
    <system value="https://www.charite.de/fhir/CodeSystem/lab-identifiers"/>
    <value value="1988-5_c-reactive-protein-mass-per-volume-in-serum-or-plasma"/>
    <assigner>
      <reference value="Organization/Charité"/>
    </assigner>
  </identifier>
  <status value="final"/>
  <category>
    <coding>
      <system value="http://loinc.org"/>
      <code value="26436-6"/>
    </coding>
    <coding>
      <system value="http://terminology.hl7.org/CodeSystem/observation-category"/>
      <code value="laboratory"/>
    </coding>
  </category>
  <code>
    <coding>
      <system value="http://loinc.org"/>
      <code value="94309-2"/>
      <display value="SARS-CoV-2 (COVID-19) RNA [Presence] in Specimen by NAA with probe detection"/>
    </coding>
  </code>
  <subject>
    <reference value="Patient/ExamplePatient"/>
  </subject>
  <effectiveDateTime value="2021-11-09"/>
  <valueCodeableConcept>
    <coding>
      <system value="http://snomed.info/sct"/>
      <code value="260415000"/>
      <display value="Not detected (qualifier value)"/>
    </coding>
  </valueCodeableConcept>
  <specimen>
    <reference value="Specimen/SpecimenStool"/>
  </specimen>
</Observation>