<?xml version="1.0" encoding="UTF-8"?>

<ValueSet xmlns="http://hl7.org/fhir">
  <id value="Excreta"/>
  <text>
    <status value="extensions"/><div xmlns="http://www.w3.org/1999/xhtml"><ul><li>Include these codes as defined in <a href="http://terminology.hl7.org/2.1.0/CodeSystem-v2-0487.html"><code>http://terminology.hl7.org/CodeSystem/v2-0487</code></a><table class="none"><tr><td style="white-space:nowrap"><b>Code</b></td><td><b>Display</b></td><td><b>Definition</b></td></tr><tr><td><a href="http://terminology.hl7.org/2.1.0/CodeSystem-v2-0487.html#v2-0487-UR">UR</a></td><td>Urine</td><td>Urine</td></tr><tr><td><a href="http://terminology.hl7.org/2.1.0/CodeSystem-v2-0487.html#v2-0487-STL">STL</a></td><td>Stool = Fecal</td><td>Stool = Fecal</td></tr></table></li></ul></div>
  </text>
  <url value="https://www.napkon.de/fhir/ValueSet/Excreta"/>
  <version value="0.1.0"/>
  <name value="Excreta"/>
  <title value="Excreta"/>
  <status value="active"/>
  <date value="2021-12-02T17:22:35+00:00"/>
  <publisher value="Charité - Universitätsmedizin Berlin"/>
  <contact>
    <name value="Charité - Universitätsmedizin Berlin"/>
    <telecom>
      <system value="url"/>
      <value value="https://www.netzwerk-universitaetsmedizin.de"/>
    </telecom>
  </contact>
  <description value="Codes for excreta (stool and urine)"/>
  <compose>
    <include>
      <system value="http://terminology.hl7.org/CodeSystem/v2-0487"/>
      <concept>
        <code value="UR"/>
        <display value="Urine"/>
      </concept>
      <concept>
        <code value="STL"/>
        <display value="Stool = Fecal"/>
      </concept>
    </include>
  </compose>
</ValueSet>