<?xml version="1.0" encoding="UTF-8"?>

<ValueSet xmlns="http://hl7.org/fhir">
  <id value="chronic-Hematologic-diseases-sct"/>
  <text>
    <status value="generated"/><div xmlns="http://www.w3.org/1999/xhtml"><p>This value set includes codes based on the following rules:</p><ul><li>Include these codes as defined in <a href="http://www.snomed.org/"><code>http://snomed.info/sct</code></a><table class="none"><tr><td style="white-space:nowrap"><b>Code</b></td><td><b>Display</b></td></tr><tr><td><a href="http://browser.ihtsdotools.org/?perspective=full&amp;conceptId1=61261009">61261009</a></td><td>Hemolytic anemia (disorder)</td></tr><tr><td><a href="http://browser.ihtsdotools.org/?perspective=full&amp;conceptId1=40108008">40108008</a></td><td>Thalassemia (disorder)</td></tr><tr><td><a href="http://browser.ihtsdotools.org/?perspective=full&amp;conceptId1=127040003">127040003</a></td><td>Sickle cell-hemoglobin SS disease (disorder)</td></tr><tr><td><a href="http://browser.ihtsdotools.org/?perspective=full&amp;conceptId1=62403005">62403005</a></td><td>Glucose-6-phosphate dehydrogenase deficiency anemia (disorder)</td></tr><tr><td><a href="http://browser.ihtsdotools.org/?perspective=full&amp;conceptId1=87522002">87522002</a></td><td>Iron deficiency anemia (disorder)</td></tr><tr><td><a href="http://browser.ihtsdotools.org/?perspective=full&amp;conceptId1=303011007:263502005=90734009">303011007:263502005=90734009</a></td><td>Neutropenic disorder where Clinical course = Chronic</td></tr><tr><td><a href="http://browser.ihtsdotools.org/?perspective=full&amp;conceptId1=109995007">109995007</a></td><td>Myelodysplastic syndrome (disorder)</td></tr><tr><td><a href="http://browser.ihtsdotools.org/?perspective=full&amp;conceptId1=64779008">64779008</a></td><td>Blood coagulation disorder (disorder)</td></tr></table></li><li>Include codes from <a href="http://www.snomed.org/"><code>http://snomed.info/sct</code></a> where concept  is-a  414022008 (Disorder of cellular component of blood (disorder))</li><li>Include codes from <a href="http://www.snomed.org/"><code>http://snomed.info/sct</code></a> where concept  is-a  414027002 (Disorder of hematopoietic structure (disorder))</li><li>Include codes from <a href="http://www.snomed.org/"><code>http://snomed.info/sct</code></a> where concept  is-a  362970003 (Disorder of hemostatic system)</li></ul></div>
  </text>
  <url value="https://www.napkon.de/fhir/ValueSet/chronic-Hematologic-diseases-sct"/>
  <version value="1.0.0"/>
  <name value="ChronicHematologicDiseases"/>
  <title value="Value Set of Chronic Hematologic Diseases"/>
  <status value="active"/>
  <date value="2021-09-13"/>
  <publisher value="Charité - Universitätsmedizin Berlin"/>
  <contact>
    <name value="Charité - Universitätsmedizin Berlin"/>
    <telecom>
      <system value="url"/>
      <value value="https://www.netzwerk-universitaetsmedizin.de"/>
    </telecom>
  </contact>
  <description value="Chronic Hematologic diseases the context of pediatrics and Covid-19"/>
  <compose>
    <include>
      <system value="http://snomed.info/sct"/>
      <concept>
        <code value="61261009"/>
        <display value="Hemolytic anemia (disorder)"/>
      </concept>
      <concept>
        <code value="40108008"/>
        <display value="Thalassemia (disorder)"/>
      </concept>
      <concept>
        <code value="127040003"/>
        <display value="Sickle cell-hemoglobin SS disease (disorder)"/>
      </concept>
      <concept>
        <code value="62403005"/>
        <display value="Glucose-6-phosphate dehydrogenase deficiency anemia (disorder)"/>
      </concept>
      <concept>
        <code value="87522002"/>
        <display value="Iron deficiency anemia (disorder)"/>
      </concept>
      <concept>
        <code value="303011007:263502005=90734009"/>
        <display value="Neutropenic disorder where Clinical course = Chronic"/>
      </concept>
      <concept>
        <code value="109995007"/>
        <display value="Myelodysplastic syndrome (disorder)"/>
      </concept>
      <concept>
        <code value="64779008"/>
        <display value="Blood coagulation disorder (disorder)"/>
      </concept>
    </include>
    <include>
      <system value="http://snomed.info/sct"/>
      <filter>
        <property value="concept"/>
        <op value="is-a"/>
        <value value="414022008"/>
      </filter>
    </include>
    <include>
      <system value="http://snomed.info/sct"/>
      <filter>
        <property value="concept"/>
        <op value="is-a"/>
        <value value="414027002"/>
      </filter>
    </include>
    <include>
      <system value="http://snomed.info/sct"/>
      <filter>
        <property value="concept"/>
        <op value="is-a"/>
        <value value="362970003"/>
      </filter>
    </include>
  </compose>
</ValueSet>