<?xml version="1.0" encoding="UTF-8"?><ImplementationGuide xmlns="http://hl7.org/fhir"><id value="napkon-pediatrics"/><text><status value="extensions"/><div xmlns="http://www.w3.org/1999/xhtml"><h2>napkonpediatrics</h2><p>The official URL for this implementation guide is: </p><pre>https://www.napkon.de/fhir/ImplementationGuide/napkon-pediatrics</pre></div></text><url value="https://www.napkon.de/fhir/ImplementationGuide/napkon-pediatrics"/><version value="1.0.0"/><name value="napkonpediatrics"/><status value="active"/><date value="2021-12-03T09:19:30+00:00"/><publisher value="Charité - Universitätsmedizin Berlin"/><contact><name value="Charité - Universitätsmedizin Berlin"/><telecom><system value="url"/><value value="https://www.netzwerk-universitaetsmedizin.de"/></telecom></contact><packageId value="napkon-pediatrics"/><license value="CC0-1.0"/><fhirVersion value="4.0.1"/><dependsOn id="de_medizininformatikinitiative_kerndatensatz_prozedur"><uri value="https://simplifier.net/guide/medizininformatikinitiative-modulprozeduren-implementationguide"/><packageId value="de.medizininformatikinitiative.kerndatensatz.prozedur"/><version value="2.0.0-alpha4"/></dependsOn><dependsOn id="de_medizininformatikinitiative_kerndatensatz_person"><uri value="https://simplifier.net/guide/medizininformatikinitiative-modulperson-implementationguide"/><packageId value="de.medizininformatikinitiative.kerndatensatz.person"/><version value="2.0.0-alpha3"/></dependsOn><dependsOn id="de_medizininformatikinitiative_kerndatensatz_medikation"><uri value="https://simplifier.net/guide/medizininformatikinitiative-modulmedikation-implementationguide"/><packageId value="de.medizininformatikinitiative.kerndatensatz.medikation"/><version value="1.0.10"/></dependsOn><dependsOn id="de_medizininformatikinitiative_kerndatensatz_diagnose"><uri value="https://simplifier.net/guide/medizininformatikinitiative-moduldiagnosen-implementationguide"/><packageId value="de.medizininformatikinitiative.kerndatensatz.diagnose"/><version value="2.0.0-alpha3"/></dependsOn><dependsOn id="de_medizininformatikinitiative_kerndatensatz_laborbefund"><uri value="https://simplifier.net/guide/laborbefundindermedizininformatik-initiative"/><packageId value="de.medizininformatikinitiative.kerndatensatz.laborbefund"/><version value="1.0.6"/></dependsOn><dependsOn id="de_gecco"><uri value="https://simplifier.net/guide/germancoronaconsensusdataset-implementationguide"/><packageId value="de.gecco"/><version value="1.0.5"/></dependsOn><dependsOn id="de_medizininformatikinitiative_kerndatensatz_meta"><uri value="https://simplifier.net/guide/medizininformatikinitiative-implementationguide-manteldokument"/><packageId value="de.medizininformatikinitiative.kerndatensatz.meta"/><version value="1.0.3"/></dependsOn><definition><extension url="http://hl7.org/fhir/tools/StructureDefinition/ig-parameter"><extension url="code"><valueString value="copyrightyear"/></extension><extension url="value"><valueString value="2021+"/></extension></extension><extension url="http://hl7.org/fhir/tools/StructureDefinition/ig-parameter"><extension url="code"><valueString value="releaselabel"/></extension><extension url="value"><valueString value="trial-use"/></extension></extension><extension url="http://hl7.org/fhir/tools/StructureDefinition/ig-parameter"><extension url="code"><valueString value="path-liquid"/></extension><extension url="value"><valueString value="template/liquid"/></extension></extension><extension url="http://hl7.org/fhir/tools/StructureDefinition/ig-parameter"><extension url="code"><valueString value="path-liquid"/></extension><extension url="value"><valueString value="input/liquid"/></extension></extension><extension url="http://hl7.org/fhir/tools/StructureDefinition/ig-parameter"><extension url="code"><valueString value="path-qa"/></extension><extension url="value"><valueString value="temp/qa"/></extension></extension><extension url="http://hl7.org/fhir/tools/StructureDefinition/ig-parameter"><extension url="code"><valueString value="path-temp"/></extension><extension url="value"><valueString value="temp/pages"/></extension></extension><extension url="http://hl7.org/fhir/tools/StructureDefinition/ig-parameter"><extension url="code"><valueString value="path-output"/></extension><extension url="value"><valueString value="output"/></extension></extension><extension url="http://hl7.org/fhir/tools/StructureDefinition/ig-parameter"><extension url="code"><valueString value="path-suppressed-warnings"/></extension><extension url="value"><valueString value="input/ignoreWarnings.txt"/></extension></extension><extension url="http://hl7.org/fhir/tools/StructureDefinition/ig-parameter"><extension url="code"><valueString value="path-history"/></extension><extension url="value"><valueString value="https://www.napkon.de/fhir/history.html"/></extension></extension><extension url="http://hl7.org/fhir/tools/StructureDefinition/ig-parameter"><extension url="code"><valueString value="template-html"/></extension><extension url="value"><valueString value="template-page.html"/></extension></extension><extension url="http://hl7.org/fhir/tools/StructureDefinition/ig-parameter"><extension url="code"><valueString value="template-md"/></extension><extension url="value"><valueString value="template-page-md.html"/></extension></extension><extension url="http://hl7.org/fhir/tools/StructureDefinition/ig-parameter"><extension url="code"><valueString value="apply-contact"/></extension><extension url="value"><valueString value="true"/></extension></extension><extension url="http://hl7.org/fhir/tools/StructureDefinition/ig-parameter"><extension url="code"><valueString value="apply-context"/></extension><extension url="value"><valueString value="true"/></extension></extension><extension url="http://hl7.org/fhir/tools/StructureDefinition/ig-parameter"><extension url="code"><valueString value="apply-copyright"/></extension><extension url="value"><valueString value="true"/></extension></extension><extension url="http://hl7.org/fhir/tools/StructureDefinition/ig-parameter"><extension url="code"><valueString value="apply-jurisdiction"/></extension><extension url="value"><valueString value="true"/></extension></extension><extension url="http://hl7.org/fhir/tools/StructureDefinition/ig-parameter"><extension url="code"><valueString value="apply-license"/></extension><extension url="value"><valueString value="true"/></extension></extension><extension url="http://hl7.org/fhir/tools/StructureDefinition/ig-parameter"><extension url="code"><valueString value="apply-publisher"/></extension><extension url="value"><valueString value="true"/></extension></extension><extension url="http://hl7.org/fhir/tools/StructureDefinition/ig-parameter"><extension url="code"><valueString value="apply-version"/></extension><extension url="value"><valueString value="true"/></extension></extension><extension url="http://hl7.org/fhir/tools/StructureDefinition/ig-parameter"><extension url="code"><valueString value="active-tables"/></extension><extension url="value"><valueString value="true"/></extension></extension><grouping id="-str-profile"><name value="Structures: Resource Profiles"/><description value="These define constraints on FHIR resources for systems conforming to this implementation guide"/></grouping><grouping id="-term-valueset"><name value="Terminology: Value Sets"/><description value="These define sets of codes used by systems conforming to this implementation guide"/></grouping><grouping id="-term-codesystem"><name value="Terminology: Code Systems"/><description value="These define new code systems used by systems conforming to this implementation guide"/></grouping><grouping id="-ex-example"><name value="Example: Example Instances"/><description value="These are example instances that show what data produced and consumed by systems conforming with this implementation guide might look like"/></grouping><resource><extension url="http://hl7.org/fhir/StructureDefinition/implementationguide-page"><valueUri value="StructureDefinition-bacterial-infection.html"/></extension><reference><reference value="StructureDefinition/bacterial-infection"/></reference><name value="Bacterial Infection"/><description value="Occurrence of a bacterial infection"/><exampleBoolean value="false"/><groupingId value="-str-profile"/></resource><resource><extension url="http://hl7.org/fhir/StructureDefinition/implementationguide-page"><valueUri value="StructureDefinition-birth-height.html"/></extension><reference><reference value="StructureDefinition/birth-height"/></reference><name value="Birth Height"/><description value="Birth Height of a patient in context of Pediatrics"/><exampleBoolean value="false"/><groupingId value="-str-profile"/></resource><resource><extension url="http://hl7.org/fhir/StructureDefinition/implementationguide-page"><valueUri value="StructureDefinition-birth-height-percentiles.html"/></extension><reference><reference value="StructureDefinition/birth-height-percentiles"/></reference><name value="Birth Height with unit percentiles"/><description value="Birth Height with unit percentiles in context of Pediatrics"/><exampleBoolean value="false"/><groupingId value="-str-profile"/></resource><resource><extension url="http://hl7.org/fhir/StructureDefinition/implementationguide-page"><valueUri value="StructureDefinition-body-mass-index.html"/></extension><reference><reference value="StructureDefinition/body-mass-index"/></reference><name value="Body Mass Index"/><description value="Body mass index of a patient in context of Pediatrics"/><exampleBoolean value="false"/><groupingId value="-str-profile"/></resource><resource><extension url="http://hl7.org/fhir/StructureDefinition/implementationguide-page"><valueUri value="StructureDefinition-body-mass-index-percentiles.html"/></extension><reference><reference value="StructureDefinition/body-mass-index-percentiles"/></reference><name value="Body Mass Index with unit percentiles"/><description value="Body mass index with unit percentiles in context of Pediatrics"/><exampleBoolean value="false"/><groupingId value="-str-profile"/></resource><resource><extension url="http://hl7.org/fhir/StructureDefinition/implementationguide-page"><valueUri value="StructureDefinition-chronic-Hematologic-diseases.html"/></extension><reference><reference value="StructureDefinition/chronic-Hematologic-diseases"/></reference><name value="Chronic Hematologic Diseases"/><description value="Chronic Hematologic diseases as a risk factor for a severe course of an infection with SARS-CoV-2 in the context of pediatrics"/><exampleBoolean value="false"/><groupingId value="-str-profile"/></resource><resource><extension url="http://hl7.org/fhir/StructureDefinition/implementationguide-page"><valueUri value="StructureDefinition-chronic-kidney-diseases.html"/></extension><reference><reference value="StructureDefinition/chronic-kidney-diseases"/></reference><name value="Chronic Kidney Diseases"/><description value="Chronic kidney diseases in the context of pediatrics"/><exampleBoolean value="false"/><groupingId value="-str-profile"/></resource><resource><extension url="http://hl7.org/fhir/StructureDefinition/implementationguide-page"><valueUri value="StructureDefinition-congenital-disease.html"/></extension><reference><reference value="StructureDefinition/congenital-disease"/></reference><name value="Congenital Disease"/><description value="Congenital disease in the context of the NAPKON pediatrics module"/><exampleBoolean value="false"/><groupingId value="-str-profile"/></resource><resource><extension url="http://hl7.org/fhir/StructureDefinition/implementationguide-page"><valueUri value="StructureDefinition-covid19-complication.html"/></extension><reference><reference value="StructureDefinition/covid19-complication"/></reference><name value="Covid19 complication"/><description value="Complication due to COVID19"/><exampleBoolean value="false"/><groupingId value="-str-profile"/></resource><resource><extension url="http://hl7.org/fhir/StructureDefinition/implementationguide-page"><valueUri value="StructureDefinition-covid19-symptoms.html"/></extension><reference><reference value="StructureDefinition/covid19-symptoms"/></reference><name value="Covid19Symptoms"/><description value="Cover additional Covid 19 symptoms"/><exampleBoolean value="false"/><groupingId value="-str-profile"/></resource><resource><extension url="http://hl7.org/fhir/StructureDefinition/implementationguide-page"><valueUri value="StructureDefinition-fungal-infection.html"/></extension><reference><reference value="StructureDefinition/fungal-infection"/></reference><name value="Fungal Infection"/><description value="Occurrence of a fungal infection"/><exampleBoolean value="false"/><groupingId value="-str-profile"/></resource><resource><extension url="http://hl7.org/fhir/StructureDefinition/implementationguide-page"><valueUri value="StructureDefinition-gastrointestinal-diseases.html"/></extension><reference><reference value="StructureDefinition/gastrointestinal-diseases"/></reference><name value="Gastrointestinal Diseases"/><description value="Gastrointestinal diseases in the field of pediatrics as a risk factor for a severe course of an infection with SARS-CoV-2."/><exampleBoolean value="false"/><groupingId value="-str-profile"/></resource><resource><extension url="http://hl7.org/fhir/StructureDefinition/implementationguide-page"><valueUri value="StructureDefinition-head-circumference.html"/></extension><reference><reference value="StructureDefinition/head-circumference"/></reference><name value="Head circumference"/><description value="Head circumference of a patient in context of Pediatrics"/><exampleBoolean value="false"/><groupingId value="-str-profile"/></resource><resource><extension url="http://hl7.org/fhir/StructureDefinition/implementationguide-page"><valueUri value="StructureDefinition-head-circumference-percentiles.html"/></extension><reference><reference value="StructureDefinition/head-circumference-percentiles"/></reference><name value="Head circumference with unit percentiles"/><description value="Head circumference with unit percentiles in context of Pediatrics"/><exampleBoolean value="false"/><groupingId value="-str-profile"/></resource><resource><extension url="http://hl7.org/fhir/StructureDefinition/implementationguide-page"><valueUri value="StructureDefinition-imaging-procedures.html"/></extension><reference><reference value="StructureDefinition/imaging-procedures"/></reference><name value="Imaging Procedures"/><description value="Records an application of a radiological imaging procedures performed on the patient (COVID-19 imaging procedures)"/><exampleBoolean value="false"/><groupingId value="-str-profile"/></resource><resource><extension url="http://hl7.org/fhir/StructureDefinition/implementationguide-page"><valueUri value="StructureDefinition-immunosuppresive-permanent-medication.html"/></extension><reference><reference value="StructureDefinition/immunosuppresive-permanent-medication"/></reference><name value="Immunosuppresive Permanent Medication"/><description value="Immunosuppresive Permanent Medication"/><exampleBoolean value="false"/><groupingId value="-str-profile"/></resource><resource><extension url="http://hl7.org/fhir/StructureDefinition/implementationguide-page"><valueUri value="StructureDefinition-intensive-care-treatment-duration.html"/></extension><reference><reference value="StructureDefinition/intensive-care-treatment-duration"/></reference><name value="Intensive care treatment duration"/><description value="Duration of intensive care treatment"/><exampleBoolean value="false"/><groupingId value="-str-profile"/></resource><resource><extension url="http://hl7.org/fhir/StructureDefinition/implementationguide-page"><valueUri value="StructureDefinition-medical-history-stem-cell-transplant.html"/></extension><reference><reference value="StructureDefinition/medical-history-stem-cell-transplant"/></reference><name value="Medical History Stem Cells Transplant"/><description value="This profile describes a stem cell transplant for a pediatric patient."/><exampleBoolean value="false"/><groupingId value="-str-profile"/></resource><resource><extension url="http://hl7.org/fhir/StructureDefinition/implementationguide-page"><valueUri value="StructureDefinition-pediatric-imaging-study.html"/></extension><reference><reference value="StructureDefinition/pediatric-imaging-study"/></reference><name value="Pediatric Imaging Study"/><description value="Records an application of a radiological imaging procedures performed on the patient (COVID-19 imaging procedures)"/><exampleBoolean value="false"/><groupingId value="-str-profile"/></resource><resource><extension url="http://hl7.org/fhir/StructureDefinition/implementationguide-page"><valueUri value="StructureDefinition-pediatric-medication.html"/></extension><reference><reference value="StructureDefinition/pediatric-medication"/></reference><name value="Pediatric Medication"/><description value="Medication taken by or given to a pediatric patient."/><exampleBoolean value="false"/><groupingId value="-str-profile"/></resource><resource><extension url="http://hl7.org/fhir/StructureDefinition/implementationguide-page"><valueUri value="StructureDefinition-preadmission-medications.html"/></extension><reference><reference value="StructureDefinition/preadmission-medications"/></reference><name value="Preadmission Medications"/><description value="List of medications taken before admission to a hospital"/><exampleBoolean value="false"/><groupingId value="-str-profile"/></resource><resource><extension url="http://hl7.org/fhir/StructureDefinition/implementationguide-page"><valueUri value="StructureDefinition-sars-cov2-rt-pcr-specimen.html"/></extension><reference><reference value="StructureDefinition/sars-cov2-rt-pcr-specimen"/></reference><name value="SARS-CoV-2 RT PCR Specimen"/><description value="Qualitative detection of SARS-CoV-2 in specimens by RT-PCR"/><exampleBoolean value="false"/><groupingId value="-str-profile"/></resource><resource><extension url="http://hl7.org/fhir/StructureDefinition/implementationguide-page"><valueUri value="StructureDefinition-specimen-excreta.html"/></extension><reference><reference value="StructureDefinition/specimen-excreta"/></reference><name value="Specimen Excreta"/><description value="Urine and Stool samples"/><exampleBoolean value="false"/><groupingId value="-str-profile"/></resource><resource><extension url="http://hl7.org/fhir/StructureDefinition/implementationguide-page"><valueUri value="StructureDefinition-thoracic-drainage.html"/></extension><reference><reference value="StructureDefinition/thoracic-drainage"/></reference><name value="Thoracic Drainge"/><description value="Application of a thoracic drainage"/><exampleBoolean value="false"/><groupingId value="-str-profile"/></resource><resource><extension url="http://hl7.org/fhir/StructureDefinition/implementationguide-page"><valueUri value="StructureDefinition-total-length-of-stay.html"/></extension><reference><reference value="StructureDefinition/total-length-of-stay"/></reference><name value="Total length of stay"/><description value="Total length of stay"/><exampleBoolean value="false"/><groupingId value="-str-profile"/></resource><resource><extension url="http://hl7.org/fhir/StructureDefinition/implementationguide-page"><valueUri value="StructureDefinition-viral-infection.html"/></extension><reference><reference value="StructureDefinition/viral-infection"/></reference><name value="Viral Infection"/><description value="Occurrence of a viral infection"/><exampleBoolean value="false"/><groupingId value="-str-profile"/></resource><resource><extension url="http://hl7.org/fhir/StructureDefinition/implementationguide-page"><valueUri value="ValueSet-bacterial-infectious-diseases.html"/></extension><reference><reference value="ValueSet/bacterial-infectious-diseases"/></reference><name value="Bacterial Infectious Diseases"/><description value="Value set of bacterial infections"/><exampleBoolean value="false"/><groupingId value="-term-valueset"/></resource><resource><extension url="http://hl7.org/fhir/StructureDefinition/implementationguide-page"><valueUri value="ValueSet-chronic-Hematologic-diseases-sct.html"/></extension><reference><reference value="ValueSet/chronic-Hematologic-diseases-sct"/></reference><name value="Value Set of Chronic Hematologic Diseases"/><description value="Chronic Hematologic diseases the context of pediatrics and Covid-19"/><exampleBoolean value="false"/><groupingId value="-term-valueset"/></resource><resource><extension url="http://hl7.org/fhir/StructureDefinition/implementationguide-page"><valueUri value="ValueSet-chronic-Hematologic-diseases-icd.html"/></extension><reference><reference value="ValueSet/chronic-Hematologic-diseases-icd"/></reference><name value="Chronic hematologic diseases (ICD10-GM)"/><description value="Chronic hematologic diseases in the context of pediatrics and COVID-19"/><exampleBoolean value="false"/><groupingId value="-term-valueset"/></resource><resource><extension url="http://hl7.org/fhir/StructureDefinition/implementationguide-page"><valueUri value="ValueSet-chronic-kidney-diseases-icd.html"/></extension><reference><reference value="ValueSet/chronic-kidney-diseases-icd"/></reference><name value="Value Set of Chronic Kidney Diseases"/><description value="Chronic kidney diseases in the context of pediatrics"/><exampleBoolean value="false"/><groupingId value="-term-valueset"/></resource><resource><extension url="http://hl7.org/fhir/StructureDefinition/implementationguide-page"><valueUri value="ValueSet-chronic-kidney-diseases-sct.html"/></extension><reference><reference value="ValueSet/chronic-kidney-diseases-sct"/></reference><name value="Value Set of Chronic Kidney Diseases"/><description value="Chronic kidney diseases in the context of pediatrics"/><exampleBoolean value="false"/><groupingId value="-term-valueset"/></resource><resource><extension url="http://hl7.org/fhir/StructureDefinition/implementationguide-page"><valueUri value="ValueSet-congenital-diseases.html"/></extension><reference><reference value="ValueSet/congenital-diseases"/></reference><name value="Congenital Diseases"/><description value="Congenital diseases"/><exampleBoolean value="false"/><groupingId value="-term-valueset"/></resource><resource><extension url="http://hl7.org/fhir/StructureDefinition/implementationguide-page"><valueUri value="ValueSet-covid19-complications-icd10-gm.html"/></extension><reference><reference value="ValueSet/covid19-complications-icd10-gm"/></reference><name value="Covid19 complications ICD10 GM"/><description value="Complications due to COVID19"/><exampleBoolean value="false"/><groupingId value="-term-valueset"/></resource><resource><extension url="http://hl7.org/fhir/StructureDefinition/implementationguide-page"><valueUri value="ValueSet-covid19-complications.html"/></extension><reference><reference value="ValueSet/covid19-complications"/></reference><name value="Covid19 complications"/><description value="Complications due to COVID19"/><exampleBoolean value="false"/><groupingId value="-term-valueset"/></resource><resource><extension url="http://hl7.org/fhir/StructureDefinition/implementationguide-page"><valueUri value="ValueSet-covid-19-symptoms-icd-10-gm.html"/></extension><reference><reference value="ValueSet/covid-19-symptoms-icd-10-gm"/></reference><name value="Covid19 symptoms"/><description value="Symptoms due to COVID19"/><exampleBoolean value="false"/><groupingId value="-term-valueset"/></resource><resource><extension url="http://hl7.org/fhir/StructureDefinition/implementationguide-page"><valueUri value="ValueSet-covid-19-symptoms.html"/></extension><reference><reference value="ValueSet/covid-19-symptoms"/></reference><name value="Covid19 symptoms"/><description value="Symptoms due to COVID19"/><exampleBoolean value="false"/><groupingId value="-term-valueset"/></resource><resource><extension url="http://hl7.org/fhir/StructureDefinition/implementationguide-page"><valueUri value="ValueSet-detected-not-detected-unknown-undetermined.html"/></extension><reference><reference value="ValueSet/detected-not-detected-unknown-undetermined"/></reference><name value="Detected Not Detected Unknown Undetermined"/><description value="Values for laboratory observations"/><exampleBoolean value="false"/><groupingId value="-term-valueset"/></resource><resource><extension url="http://hl7.org/fhir/StructureDefinition/implementationguide-page"><valueUri value="ValueSet-Excreta.html"/></extension><reference><reference value="ValueSet/Excreta"/></reference><name value="Excreta"/><description value="Codes for excreta (stool and urine)"/><exampleBoolean value="false"/><groupingId value="-term-valueset"/></resource><resource><extension url="http://hl7.org/fhir/StructureDefinition/implementationguide-page"><valueUri value="ValueSet-fungal-infections-icd10-gm.html"/></extension><reference><reference value="ValueSet/fungal-infections-icd10-gm"/></reference><name value="Fungal Infections ICD10 GM"/><description value="Value set of fungal infections"/><exampleBoolean value="false"/><groupingId value="-term-valueset"/></resource><resource><extension url="http://hl7.org/fhir/StructureDefinition/implementationguide-page"><valueUri value="ValueSet-fungal-infections-sct.html"/></extension><reference><reference value="ValueSet/fungal-infections-sct"/></reference><name value="Fungal Infections SNOMED CT"/><description value="Value set of fungal infections"/><exampleBoolean value="false"/><groupingId value="-term-valueset"/></resource><resource><extension url="http://hl7.org/fhir/StructureDefinition/implementationguide-page"><valueUri value="ValueSet-gastrointestinal-diseases-sct.html"/></extension><reference><reference value="ValueSet/gastrointestinal-diseases-sct"/></reference><name value="Value Set of Gastrointestinal Diseases"/><description value="Gastrointestinal diseases in the context of pediatrics and Covid-19"/><exampleBoolean value="false"/><groupingId value="-term-valueset"/></resource><resource><extension url="http://hl7.org/fhir/StructureDefinition/implementationguide-page"><valueUri value="ValueSet-gastrointestinal-diseases-icd.html"/></extension><reference><reference value="ValueSet/gastrointestinal-diseases-icd"/></reference><name value="Value Set of Gastrointestinal Diseases ICD"/><description value="Gastrointestinal diseases in the context of pediatrics and Covid-19"/><exampleBoolean value="false"/><groupingId value="-term-valueset"/></resource><resource><extension url="http://hl7.org/fhir/StructureDefinition/implementationguide-page"><valueUri value="ValueSet-imaging-procedures-dicom.html"/></extension><reference><reference value="ValueSet/imaging-procedures-dicom"/></reference><name value="Value Set of imaging procedures in dicom format"/><description value="Imaging procedures in the context of pediatrics and Covid-19"/><exampleBoolean value="false"/><groupingId value="-term-valueset"/></resource><resource><extension url="http://hl7.org/fhir/StructureDefinition/implementationguide-page"><valueUri value="ValueSet-imaging-procedures-sct.html"/></extension><reference><reference value="ValueSet/imaging-procedures-sct"/></reference><name value="Value Set of imaging procedures from SNOMED CT"/><description value="Imaging procedures in the context of pediatrics and Covid-19"/><exampleBoolean value="false"/><groupingId value="-term-valueset"/></resource><resource><extension url="http://hl7.org/fhir/StructureDefinition/implementationguide-page"><valueUri value="ValueSet-immunosuppressive-permament-medications.html"/></extension><reference><reference value="ValueSet/immunosuppressive-permament-medications"/></reference><name value="Immunosuppressive Permanent Medications"/><description value="Immunosuppressive medications"/><exampleBoolean value="false"/><groupingId value="-term-valueset"/></resource><resource><extension url="http://hl7.org/fhir/StructureDefinition/implementationguide-page"><valueUri value="ValueSet-immunosuppressive-permament-medications-atc.html"/></extension><reference><reference value="ValueSet/immunosuppressive-permament-medications-atc"/></reference><name value="Immunosuppressive Permanent Medications ATC"/><description value="Immunosuppressive Medications ATC codes"/><exampleBoolean value="false"/><groupingId value="-term-valueset"/></resource><resource><extension url="http://hl7.org/fhir/StructureDefinition/implementationguide-page"><valueUri value="ValueSet-laboratory-tests.html"/></extension><reference><reference value="ValueSet/laboratory-tests"/></reference><name value="Laboratory Tests"/><description value="Laboratory tests in the context of NAPKON Pediatrics Module"/><exampleBoolean value="false"/><groupingId value="-term-valueset"/></resource><resource><extension url="http://hl7.org/fhir/StructureDefinition/implementationguide-page"><valueUri value="ValueSet-medical-history-stem-cell-transplant.html"/></extension><reference><reference value="ValueSet/medical-history-stem-cell-transplant"/></reference><name value="Medical History Stem Cell Transplants"/><description value="Medical history linked to stem cells or bone marrow transplant for pediatric patients"/><exampleBoolean value="false"/><groupingId value="-term-valueset"/></resource><resource><extension url="http://hl7.org/fhir/StructureDefinition/implementationguide-page"><valueUri value="ValueSet-medical-history-stem-cell-transplant-icd.html"/></extension><reference><reference value="ValueSet/medical-history-stem-cell-transplant-icd"/></reference><name value="Medical History Stem Cell Transplants ICD"/><description value="Medical history linked to stem cells or bone marrow transplant for pediatric patients"/><exampleBoolean value="false"/><groupingId value="-term-valueset"/></resource><resource><extension url="http://hl7.org/fhir/StructureDefinition/implementationguide-page"><valueUri value="ValueSet-medication-pediatrics-atc-de.html"/></extension><reference><reference value="ValueSet/medication-pediatrics-atc-de"/></reference><name value="Medication Pediatrics ATC DE"/><description value="Medication used in the case of a of Covid-19 infection for a pediatric patient"/><exampleBoolean value="false"/><groupingId value="-term-valueset"/></resource><resource><extension url="http://hl7.org/fhir/StructureDefinition/implementationguide-page"><valueUri value="ValueSet-medication-pediatrics-sct.html"/></extension><reference><reference value="ValueSet/medication-pediatrics-sct"/></reference><name value="Medication Pediatrics SNOMED CT"/><description value="Medication used in the case of a of Covid-19 infection for a pediatric patient"/><exampleBoolean value="false"/><groupingId value="-term-valueset"/></resource><resource><extension url="http://hl7.org/fhir/StructureDefinition/implementationguide-page"><valueUri value="ValueSet-present-not-present-undetermined-other.html"/></extension><reference><reference value="ValueSet/present-not-present-undetermined-other"/></reference><name value="Present Not Present Undetermined Other"/><description value="Values for laboratory observations"/><exampleBoolean value="false"/><groupingId value="-term-valueset"/></resource><resource><extension url="http://hl7.org/fhir/StructureDefinition/implementationguide-page"><valueUri value="ValueSet-restricted-event-status.html"/></extension><reference><reference value="ValueSet/restricted-event-status"/></reference><name value="RestrictedEventStatus"/><description value="EventStatus value set restricted to codes not-done, active, completed and unknown"/><exampleBoolean value="false"/><groupingId value="-term-valueset"/></resource><resource><extension url="http://hl7.org/fhir/StructureDefinition/implementationguide-page"><valueUri value="ValueSet-viral-infectious-diseases.html"/></extension><reference><reference value="ValueSet/viral-infectious-diseases"/></reference><name value="ViralInfectiousDiseases"/><exampleBoolean value="false"/><groupingId value="-term-valueset"/></resource><resource><extension url="http://hl7.org/fhir/StructureDefinition/implementationguide-page"><valueUri value="ValueSet-yes-no-unknown.html"/></extension><reference><reference value="ValueSet/yes-no-unknown"/></reference><name value="Yes No Unknown"/><description value="Yes / No / Unknown"/><exampleBoolean value="false"/><groupingId value="-term-valueset"/></resource><resource><extension url="http://hl7.org/fhir/StructureDefinition/implementationguide-page"><valueUri value="CodeSystem-napkon-pediatrics-module.html"/></extension><reference><reference value="CodeSystem/napkon-pediatrics-module"/></reference><name value="NapkonPediatricsModule"/><description value="NAPKON Pediatrics Module Code System - Collection of pediatrics module-specific codes that are missing from common terminologies such as SNOMED CT"/><exampleBoolean value="false"/><groupingId value="-term-codesystem"/></resource><resource><extension url="http://hl7.org/fhir/StructureDefinition/implementationguide-page"><valueUri value="Condition-BacterialInfectionConfirmed.html"/></extension><reference><reference value="Condition/BacterialInfectionConfirmed"/></reference><name value="Bacterial Infection Confirmed"/><description value="Example of a confirmed bacterial infection"/><exampleCanonical value="https://www.napkon.de/fhir/StructureDefinition/bacterial-infection"/><groupingId value="-ex-example"/></resource><resource><extension url="http://hl7.org/fhir/StructureDefinition/implementationguide-page"><valueUri value="Condition-BacterialInfectionRefuted.html"/></extension><reference><reference value="Condition/BacterialInfectionRefuted"/></reference><name value="Bacterial Infection Refuted"/><description value="Example of a refuted bacterial infection"/><exampleCanonical value="https://www.napkon.de/fhir/StructureDefinition/bacterial-infection"/><groupingId value="-ex-example"/></resource><resource><extension url="http://hl7.org/fhir/StructureDefinition/implementationguide-page"><valueUri value="Condition-CongenitalAtransferrinemiaConfirmed.html"/></extension><reference><reference value="Condition/CongenitalAtransferrinemiaConfirmed"/></reference><name value="Congenital Atransferrinemia confirmed"/><description value="Example: Confirmed congenital atransferrinemia"/><exampleCanonical value="https://www.napkon.de/fhir/StructureDefinition/congenital-disease"/><groupingId value="-ex-example"/></resource><resource><extension url="http://hl7.org/fhir/StructureDefinition/implementationguide-page"><valueUri value="Condition-Covid19Complication.html"/></extension><reference><reference value="Condition/Covid19Complication"/></reference><name value="Covid19 Complication"/><description value="Example of a covid19 complication"/><exampleCanonical value="https://www.napkon.de/fhir/StructureDefinition/covid19-complication"/><groupingId value="-ex-example"/></resource><resource><extension url="http://hl7.org/fhir/StructureDefinition/implementationguide-page"><valueUri value="Condition-Covid19Symptoms.html"/></extension><reference><reference value="Condition/Covid19Symptoms"/></reference><name value="Covid19 Symptom"/><description value="Example of a covid19 complication"/><exampleCanonical value="https://www.napkon.de/fhir/StructureDefinition/covid19-symptoms"/><groupingId value="-ex-example"/></resource><resource><extension url="http://hl7.org/fhir/StructureDefinition/implementationguide-page"><valueUri value="Patient-ExamplePatient.html"/></extension><reference><reference value="Patient/ExamplePatient"/></reference><name value="ExamplePatient"/><description value="Example patient to be used as reference in other instances"/><exampleBoolean value="true"/><groupingId value="-ex-example"/></resource><resource><extension url="http://hl7.org/fhir/StructureDefinition/implementationguide-page"><valueUri value="Condition-FungalInfectionConfirmed.html"/></extension><reference><reference value="Condition/FungalInfectionConfirmed"/></reference><name value="Fungal Infection Confirmed"/><description value="Example of a confirmed fungal infection"/><exampleCanonical value="https://www.napkon.de/fhir/StructureDefinition/fungal-infection"/><groupingId value="-ex-example"/></resource><resource><extension url="http://hl7.org/fhir/StructureDefinition/implementationguide-page"><valueUri value="Condition-FungalInfectionUnknown.html"/></extension><reference><reference value="Condition/FungalInfectionUnknown"/></reference><name value="Fungal Infection Unknown"/><description value="Example of a fungal infection where the presence is unknown"/><exampleCanonical value="https://www.napkon.de/fhir/StructureDefinition/fungal-infection"/><groupingId value="-ex-example"/></resource><resource><extension url="http://hl7.org/fhir/StructureDefinition/implementationguide-page"><valueUri value="Procedure-ImagingProcedures.html"/></extension><reference><reference value="Procedure/ImagingProcedures"/></reference><name value="imaging-procedure-instance"/><description value="Example of a performed radiology/imaging procedure for pediatric patients when treating COVID-19."/><exampleCanonical value="https://www.napkon.de/fhir/StructureDefinition/imaging-procedures"/><groupingId value="-ex-example"/></resource><resource><extension url="http://hl7.org/fhir/StructureDefinition/implementationguide-page"><valueUri value="ImagingStudy-ImagingStudyPTHeart.html"/></extension><reference><reference value="ImagingStudy/ImagingStudyPTHeart"/></reference><name value="Imaging Study"/><description value="Example of a concrete imaging study performed on a patient"/><exampleCanonical value="https://www.napkon.de/fhir/StructureDefinition/pediatric-imaging-study"/><groupingId value="-ex-example"/></resource><resource><extension url="http://hl7.org/fhir/StructureDefinition/implementationguide-page"><valueUri value="MedicationStatement-ImmunosuppresivePermanentMedication.html"/></extension><reference><reference value="MedicationStatement/ImmunosuppresivePermanentMedication"/></reference><name value="Immunosuppresive Permanent Medication"/><description value="Example of a Immunosuppresive Permanent Medication"/><exampleCanonical value="https://www.napkon.de/fhir/StructureDefinition/immunosuppresive-permanent-medication"/><groupingId value="-ex-example"/></resource><resource><extension url="http://hl7.org/fhir/StructureDefinition/implementationguide-page"><valueUri value="Observation-IntensiveCareTreatmentDuration.html"/></extension><reference><reference value="Observation/IntensiveCareTreatmentDuration"/></reference><name value="Intensive Care Treatment Duration"/><description value="Example of an intensive care treatment duration"/><exampleCanonical value="https://www.napkon.de/fhir/StructureDefinition/intensive-care-treatment-duration"/><groupingId value="-ex-example"/></resource><resource><extension url="http://hl7.org/fhir/StructureDefinition/implementationguide-page"><valueUri value="MedicationStatement-PediatricMedicationATCDE.html"/></extension><reference><reference value="MedicationStatement/PediatricMedicationATCDE"/></reference><name value="Pediatric Medication ATC DE"/><description value="Example prescription of a medication or consumption by a pediatric patient "/><exampleCanonical value="https://www.napkon.de/fhir/StructureDefinition/pediatric-medication"/><groupingId value="-ex-example"/></resource><resource><extension url="http://hl7.org/fhir/StructureDefinition/implementationguide-page"><valueUri value="MedicationStatement-PediatricMedicationSCT.html"/></extension><reference><reference value="MedicationStatement/PediatricMedicationSCT"/></reference><name value="Pediatric Medication SNOMED CT"/><description value="Example prescription of a medication or consumption by a pediatric patient "/><exampleCanonical value="https://www.napkon.de/fhir/StructureDefinition/pediatric-medication"/><groupingId value="-ex-example"/></resource><resource><extension url="http://hl7.org/fhir/StructureDefinition/implementationguide-page"><valueUri value="Observation-SarsCoV2RTPCRStoolDetected.html"/></extension><reference><reference value="Observation/SarsCoV2RTPCRStoolDetected"/></reference><name value="SARS-CoV-2 RT PCR Stool Detected"/><description value="Example of a SARS-CoV-2 RT PCR from a stool sample that is detected"/><exampleCanonical value="https://www.napkon.de/fhir/StructureDefinition/sars-cov2-rt-pcr-specimen"/><groupingId value="-ex-example"/></resource><resource><extension url="http://hl7.org/fhir/StructureDefinition/implementationguide-page"><valueUri value="Observation-SarsCoV2RTPCRStoolNotDetected.html"/></extension><reference><reference value="Observation/SarsCoV2RTPCRStoolNotDetected"/></reference><name value="SARS-CoV-2 RT PCR Stool Not Detected"/><description value="Example of a SARS-CoV-2 RT PCR from a stool sample that is not detected"/><exampleCanonical value="https://www.napkon.de/fhir/StructureDefinition/sars-cov2-rt-pcr-specimen"/><groupingId value="-ex-example"/></resource><resource><extension url="http://hl7.org/fhir/StructureDefinition/implementationguide-page"><valueUri value="Observation-SarsCoV2RTPCRUrineInconclusive.html"/></extension><reference><reference value="Observation/SarsCoV2RTPCRUrineInconclusive"/></reference><name value="SARS-CoV-2 RT PCR Urine Inconclusive"/><description value="Example of a SARS-CoV-2 RT PCR from a urine sample that is inconclusive"/><exampleCanonical value="https://www.napkon.de/fhir/StructureDefinition/sars-cov2-rt-pcr-specimen"/><groupingId value="-ex-example"/></resource><resource><extension url="http://hl7.org/fhir/StructureDefinition/implementationguide-page"><valueUri value="Specimen-SpecimenStool.html"/></extension><reference><reference value="Specimen/SpecimenStool"/></reference><name value="Specimen Stool"/><description value="Stool sample"/><exampleCanonical value="https://www.napkon.de/fhir/StructureDefinition/specimen-excreta"/><groupingId value="-ex-example"/></resource><resource><extension url="http://hl7.org/fhir/StructureDefinition/implementationguide-page"><valueUri value="Specimen-SpecimenUrine.html"/></extension><reference><reference value="Specimen/SpecimenUrine"/></reference><name value="Specimen Urine"/><description value="Urine sample"/><exampleCanonical value="https://www.napkon.de/fhir/StructureDefinition/specimen-excreta"/><groupingId value="-ex-example"/></resource><resource><extension url="http://hl7.org/fhir/StructureDefinition/implementationguide-page"><valueUri value="Procedure-ThoracicDrainageCompleted.html"/></extension><reference><reference value="Procedure/ThoracicDrainageCompleted"/></reference><name value="Thoracic Drainage Completed"/><description value="Example of a thoracic drainage that was completed"/><exampleCanonical value="https://www.napkon.de/fhir/StructureDefinition/thoracic-drainage"/><groupingId value="-ex-example"/></resource><resource><extension url="http://hl7.org/fhir/StructureDefinition/implementationguide-page"><valueUri value="Procedure-ThoracicDrainageNotDone.html"/></extension><reference><reference value="Procedure/ThoracicDrainageNotDone"/></reference><name value="Thoracic Drainage Not Done"/><description value="Example of a thoracic drainage that was not performed"/><exampleCanonical value="https://www.napkon.de/fhir/StructureDefinition/thoracic-drainage"/><groupingId value="-ex-example"/></resource><resource><extension url="http://hl7.org/fhir/StructureDefinition/implementationguide-page"><valueUri value="Procedure-ThoracicDrainageUnknown.html"/></extension><reference><reference value="Procedure/ThoracicDrainageUnknown"/></reference><name value="Thoracic Drainage Unknown"/><description value="Example of a thoracic drainage for which it is not known if it was performed or not"/><exampleCanonical value="https://www.napkon.de/fhir/StructureDefinition/thoracic-drainage"/><groupingId value="-ex-example"/></resource><resource><extension url="http://hl7.org/fhir/StructureDefinition/implementationguide-page"><valueUri value="Observation-TotalLengthOfStay.html"/></extension><reference><reference value="Observation/TotalLengthOfStay"/></reference><name value="Total Length of Stay"/><description value="Example of an total length of stay"/><exampleCanonical value="https://www.napkon.de/fhir/StructureDefinition/total-length-of-stay"/><groupingId value="-ex-example"/></resource><resource><extension url="http://hl7.org/fhir/StructureDefinition/implementationguide-page"><valueUri value="Condition-ViralInfectionConfirmed.html"/></extension><reference><reference value="Condition/ViralInfectionConfirmed"/></reference><name value="Viral Infection Confirmed"/><description value="Example of a confirmed viral infection"/><exampleCanonical value="https://www.napkon.de/fhir/StructureDefinition/viral-infection"/><groupingId value="-ex-example"/></resource><resource><extension url="http://hl7.org/fhir/StructureDefinition/implementationguide-page"><valueUri value="Condition-ViralInfectionRefuted.html"/></extension><reference><reference value="Condition/ViralInfectionRefuted"/></reference><name value="Viral Infection Refuted"/><description value="Example of a refuted viral infection"/><exampleCanonical value="https://www.napkon.de/fhir/StructureDefinition/viral-infection"/><groupingId value="-ex-example"/></resource><resource><extension url="http://hl7.org/fhir/StructureDefinition/implementationguide-page"><valueUri value="Observation-birth-height-circumference-percentiles.html"/></extension><reference><reference value="Observation/birth-height-circumference-percentiles"/></reference><name value="Instance of fhir resource birth height (unit percentiles) in the context of pediatrics"/><description value="Example of a birth height"/><exampleCanonical value="https://www.napkon.de/fhir/StructureDefinition/birth-height-percentiles"/><groupingId value="-ex-example"/></resource><resource><extension url="http://hl7.org/fhir/StructureDefinition/implementationguide-page"><valueUri value="Observation-instance-birth-height.html"/></extension><reference><reference value="Observation/instance-birth-height"/></reference><name value="Instance of fhir resource birth height in the context of pediatrics"/><description value="Example of birth height"/><exampleCanonical value="https://www.napkon.de/fhir/StructureDefinition/birth-height"/><groupingId value="-ex-example"/></resource><resource><extension url="http://hl7.org/fhir/StructureDefinition/implementationguide-page"><valueUri value="Observation-instance-body-mass-index.html"/></extension><reference><reference value="Observation/instance-body-mass-index"/></reference><name value="Instance of fhir resource body mass index in the context of pediatrics"/><description value="Example of body mass index"/><exampleCanonical value="https://www.napkon.de/fhir/StructureDefinition/body-mass-index"/><groupingId value="-ex-example"/></resource><resource><extension url="http://hl7.org/fhir/StructureDefinition/implementationguide-page"><valueUri value="Observation-instance-body-mass-index-percentiles.html"/></extension><reference><reference value="Observation/instance-body-mass-index-percentiles"/></reference><name value="Instance of fhir resource body mass index in the context of pediatrics"/><description value="Example of body mass index with unit percentiles"/><exampleCanonical value="https://www.napkon.de/fhir/StructureDefinition/body-mass-index-percentiles"/><groupingId value="-ex-example"/></resource><resource><extension url="http://hl7.org/fhir/StructureDefinition/implementationguide-page"><valueUri value="Condition-instance-chronic-Hematologic-diseases.html"/></extension><reference><reference value="Condition/instance-chronic-Hematologic-diseases"/></reference><name value="Instance of fhir resource chronic Hematologic diseases in the context of pediatrics"/><description value="Example of a chronic Hematologic diseases"/><exampleCanonical value="https://www.napkon.de/fhir/StructureDefinition/chronic-Hematologic-diseases"/><groupingId value="-ex-example"/></resource><resource><extension url="http://hl7.org/fhir/StructureDefinition/implementationguide-page"><valueUri value="Condition-instance-chronic-Hematologic-diseases-icd.html"/></extension><reference><reference value="Condition/instance-chronic-Hematologic-diseases-icd"/></reference><name value="Instance of fhir resource chronic Hematologic diseases in the context of pediatrics"/><description value="Example of a chronic Hematologic diseases"/><exampleCanonical value="https://www.napkon.de/fhir/StructureDefinition/chronic-Hematologic-diseases"/><groupingId value="-ex-example"/></resource><resource><extension url="http://hl7.org/fhir/StructureDefinition/implementationguide-page"><valueUri value="Condition-instance-chronic-kidney-diseases-icd.html"/></extension><reference><reference value="Condition/instance-chronic-kidney-diseases-icd"/></reference><name value="Instance of fhir resource chronic kidney diseases in the context of pediatrics"/><description value="Example or chronic kidney diseases"/><exampleCanonical value="https://www.napkon.de/fhir/StructureDefinition/chronic-kidney-diseases"/><groupingId value="-ex-example"/></resource><resource><extension url="http://hl7.org/fhir/StructureDefinition/implementationguide-page"><valueUri value="Condition-instance-chronic-kidney-diseases-sct.html"/></extension><reference><reference value="Condition/instance-chronic-kidney-diseases-sct"/></reference><name value="Instance of fhir resource chronic kidney diseases in the context of pediatrics"/><description value="Example or chronic kidney diseases"/><exampleCanonical value="https://www.napkon.de/fhir/StructureDefinition/chronic-kidney-diseases"/><groupingId value="-ex-example"/></resource><resource><extension url="http://hl7.org/fhir/StructureDefinition/implementationguide-page"><valueUri value="Condition-instance-gastrointestinal-diseases.html"/></extension><reference><reference value="Condition/instance-gastrointestinal-diseases"/></reference><name value="Instance of fhir resource sgastrointestinal-diseases in the context of pediatrics"/><description value="Example of a gastrointestinal disease"/><exampleCanonical value="https://www.napkon.de/fhir/StructureDefinition/gastrointestinal-diseases"/><groupingId value="-ex-example"/></resource><resource><extension url="http://hl7.org/fhir/StructureDefinition/implementationguide-page"><valueUri value="Condition-instance-gastrointestinal-diseases-icd.html"/></extension><reference><reference value="Condition/instance-gastrointestinal-diseases-icd"/></reference><name value="Instance of fhir resource sgastrointestinal-diseases in the context of pediatrics"/><description value="Example of a gastrointestinal disease"/><exampleCanonical value="https://www.napkon.de/fhir/StructureDefinition/gastrointestinal-diseases"/><groupingId value="-ex-example"/></resource><resource><extension url="http://hl7.org/fhir/StructureDefinition/implementationguide-page"><valueUri value="Observation-instance-head-circumference.html"/></extension><reference><reference value="Observation/instance-head-circumference"/></reference><name value="Instance of fhir resource head circumference (unit cm) in the context of pediatrics"/><description value="Example of a head circumference"/><exampleCanonical value="https://www.napkon.de/fhir/StructureDefinition/head-circumference"/><groupingId value="-ex-example"/></resource><resource><extension url="http://hl7.org/fhir/StructureDefinition/implementationguide-page"><valueUri value="Observation-instance-head-circumference-percentiles.html"/></extension><reference><reference value="Observation/instance-head-circumference-percentiles"/></reference><name value="Instance of fhir resource head circumference (unit percentiles) in thr context of pediatrics"/><description value="Example of a head circumference"/><exampleCanonical value="https://www.napkon.de/fhir/StructureDefinition/head-circumference-percentiles"/><groupingId value="-ex-example"/></resource><resource><extension url="http://hl7.org/fhir/StructureDefinition/implementationguide-page"><valueUri value="Condition-medical-history-stem-cell-transplant-instance.html"/></extension><reference><reference value="Condition/medical-history-stem-cell-transplant-instance"/></reference><name value="medical-history-stem-cell-transplant-instance"/><description value="This profile describes a stem cell transplant for a pediatric patient."/><exampleCanonical value="https://www.napkon.de/fhir/StructureDefinition/medical-history-stem-cell-transplant"/><groupingId value="-ex-example"/></resource><resource><extension url="http://hl7.org/fhir/StructureDefinition/implementationguide-page"><valueUri value="List-preadmission-medications.html"/></extension><reference><reference value="List/preadmission-medications"/></reference><name value="preadmission-medications"/><description value="Example list of medications before the admission of the patient to the hospital"/><exampleCanonical value="https://www.napkon.de/fhir/StructureDefinition/preadmission-medications"/><groupingId value="-ex-example"/></resource><page><nameUrl value="toc.html"/><title value="Table of Contents"/><generation value="html"/><page><nameUrl value="index.html"/><title value="Home"/><generation value="markdown"/></page><page><nameUrl value="artifacts.html"/><title value="Artifacts Summary"/><generation value="html"/><page><nameUrl value="StructureDefinition-bacterial-infection.html"/><title value="Bacterial Infection"/><generation value="generated"/></page><page><nameUrl value="StructureDefinition-birth-height.html"/><title value="Birth Height"/><generation value="generated"/></page><page><nameUrl value="StructureDefinition-birth-height-percentiles.html"/><title value="Birth Height with unit percentiles"/><generation value="generated"/></page><page><nameUrl value="StructureDefinition-body-mass-index.html"/><title value="Body Mass Index"/><generation value="generated"/></page><page><nameUrl value="StructureDefinition-body-mass-index-percentiles.html"/><title value="Body Mass Index with unit percentiles"/><generation value="generated"/></page><page><nameUrl value="StructureDefinition-chronic-Hematologic-diseases.html"/><title value="Chronic Hematologic Diseases"/><generation value="generated"/></page><page><nameUrl value="StructureDefinition-chronic-kidney-diseases.html"/><title value="Chronic Kidney Diseases"/><generation value="generated"/></page><page><nameUrl value="StructureDefinition-congenital-disease.html"/><title value="Congenital Disease"/><generation value="generated"/></page><page><nameUrl value="StructureDefinition-covid19-complication.html"/><title value="Covid19 complication"/><generation value="generated"/></page><page><nameUrl value="StructureDefinition-covid19-symptoms.html"/><title value="Covid19Symptoms"/><generation value="generated"/></page><page><nameUrl value="StructureDefinition-fungal-infection.html"/><title value="Fungal Infection"/><generation value="generated"/></page><page><nameUrl value="StructureDefinition-gastrointestinal-diseases.html"/><title value="Gastrointestinal Diseases"/><generation value="generated"/></page><page><nameUrl value="StructureDefinition-head-circumference.html"/><title value="Head circumference"/><generation value="generated"/></page><page><nameUrl value="StructureDefinition-head-circumference-percentiles.html"/><title value="Head circumference with unit percentiles"/><generation value="generated"/></page><page><nameUrl value="StructureDefinition-imaging-procedures.html"/><title value="Imaging Procedures"/><generation value="generated"/></page><page><nameUrl value="StructureDefinition-immunosuppresive-permanent-medication.html"/><title value="Immunosuppresive Permanent Medication"/><generation value="generated"/></page><page><nameUrl value="StructureDefinition-intensive-care-treatment-duration.html"/><title value="Intensive care treatment duration"/><generation value="generated"/></page><page><nameUrl value="StructureDefinition-medical-history-stem-cell-transplant.html"/><title value="Medical History Stem Cells Transplant"/><generation value="generated"/></page><page><nameUrl value="StructureDefinition-pediatric-imaging-study.html"/><title value="Pediatric Imaging Study"/><generation value="generated"/></page><page><nameUrl value="StructureDefinition-pediatric-medication.html"/><title value="Pediatric Medication"/><generation value="generated"/></page><page><nameUrl value="StructureDefinition-preadmission-medications.html"/><title value="Preadmission Medications"/><generation value="generated"/></page><page><nameUrl value="StructureDefinition-sars-cov2-rt-pcr-specimen.html"/><title value="SARS-CoV-2 RT PCR Specimen"/><generation value="generated"/></page><page><nameUrl value="StructureDefinition-specimen-excreta.html"/><title value="Specimen Excreta"/><generation value="generated"/></page><page><nameUrl value="StructureDefinition-thoracic-drainage.html"/><title value="Thoracic Drainge"/><generation value="generated"/></page><page><nameUrl value="StructureDefinition-total-length-of-stay.html"/><title value="Total length of stay"/><generation value="generated"/></page><page><nameUrl value="StructureDefinition-viral-infection.html"/><title value="Viral Infection"/><generation value="generated"/></page><page><nameUrl value="ValueSet-bacterial-infectious-diseases.html"/><title value="Bacterial Infectious Diseases"/><generation value="generated"/></page><page><nameUrl value="ValueSet-chronic-Hematologic-diseases-sct.html"/><title value="Value Set of Chronic Hematologic Diseases"/><generation value="generated"/></page><page><nameUrl value="ValueSet-chronic-Hematologic-diseases-icd.html"/><title value="Chronic hematologic diseases (ICD10-GM)"/><generation value="generated"/></page><page><nameUrl value="ValueSet-chronic-kidney-diseases-icd.html"/><title value="Value Set of Chronic Kidney Diseases"/><generation value="generated"/></page><page><nameUrl value="ValueSet-chronic-kidney-diseases-sct.html"/><title value="Value Set of Chronic Kidney Diseases"/><generation value="generated"/></page><page><nameUrl value="ValueSet-congenital-diseases.html"/><title value="Congenital Diseases"/><generation value="generated"/></page><page><nameUrl value="ValueSet-covid19-complications-icd10-gm.html"/><title value="Covid19 complications ICD10 GM"/><generation value="generated"/></page><page><nameUrl value="ValueSet-covid19-complications.html"/><title value="Covid19 complications"/><generation value="generated"/></page><page><nameUrl value="ValueSet-covid-19-symptoms-icd-10-gm.html"/><title value="Covid19 symptoms"/><generation value="generated"/></page><page><nameUrl value="ValueSet-covid-19-symptoms.html"/><title value="Covid19 symptoms"/><generation value="generated"/></page><page><nameUrl value="ValueSet-detected-not-detected-unknown-undetermined.html"/><title value="Detected Not Detected Unknown Undetermined"/><generation value="generated"/></page><page><nameUrl value="ValueSet-Excreta.html"/><title value="Excreta"/><generation value="generated"/></page><page><nameUrl value="ValueSet-fungal-infections-icd10-gm.html"/><title value="Fungal Infections ICD10 GM"/><generation value="generated"/></page><page><nameUrl value="ValueSet-fungal-infections-sct.html"/><title value="Fungal Infections SNOMED CT"/><generation value="generated"/></page><page><nameUrl value="ValueSet-gastrointestinal-diseases-sct.html"/><title value="Value Set of Gastrointestinal Diseases"/><generation value="generated"/></page><page><nameUrl value="ValueSet-gastrointestinal-diseases-icd.html"/><title value="Value Set of Gastrointestinal Diseases ICD"/><generation value="generated"/></page><page><nameUrl value="ValueSet-imaging-procedures-dicom.html"/><title value="Value Set of imaging procedures in dicom format"/><generation value="generated"/></page><page><nameUrl value="ValueSet-imaging-procedures-sct.html"/><title value="Value Set of imaging procedures from SNOMED CT"/><generation value="generated"/></page><page><nameUrl value="ValueSet-immunosuppressive-permament-medications.html"/><title value="Immunosuppressive Permanent Medications"/><generation value="generated"/></page><page><nameUrl value="ValueSet-immunosuppressive-permament-medications-atc.html"/><title value="Immunosuppressive Permanent Medications ATC"/><generation value="generated"/></page><page><nameUrl value="ValueSet-laboratory-tests.html"/><title value="Laboratory Tests"/><generation value="generated"/></page><page><nameUrl value="ValueSet-medical-history-stem-cell-transplant.html"/><title value="Medical History Stem Cell Transplants"/><generation value="generated"/></page><page><nameUrl value="ValueSet-medical-history-stem-cell-transplant-icd.html"/><title value="Medical History Stem Cell Transplants ICD"/><generation value="generated"/></page><page><nameUrl value="ValueSet-medication-pediatrics-atc-de.html"/><title value="Medication Pediatrics ATC DE"/><generation value="generated"/></page><page><nameUrl value="ValueSet-medication-pediatrics-sct.html"/><title value="Medication Pediatrics SNOMED CT"/><generation value="generated"/></page><page><nameUrl value="ValueSet-present-not-present-undetermined-other.html"/><title value="Present Not Present Undetermined Other"/><generation value="generated"/></page><page><nameUrl value="ValueSet-restricted-event-status.html"/><title value="RestrictedEventStatus"/><generation value="generated"/></page><page><nameUrl value="ValueSet-viral-infectious-diseases.html"/><title value="ViralInfectiousDiseases"/><generation value="generated"/></page><page><nameUrl value="ValueSet-yes-no-unknown.html"/><title value="Yes No Unknown"/><generation value="generated"/></page><page><nameUrl value="CodeSystem-napkon-pediatrics-module.html"/><title value="NapkonPediatricsModule"/><generation value="generated"/></page><page><nameUrl value="Condition-BacterialInfectionConfirmed.html"/><title value="Bacterial Infection Confirmed"/><generation value="generated"/></page><page><nameUrl value="Condition-BacterialInfectionRefuted.html"/><title value="Bacterial Infection Refuted"/><generation value="generated"/></page><page><nameUrl value="Condition-CongenitalAtransferrinemiaConfirmed.html"/><title value="Congenital Atransferrinemia confirmed"/><generation value="generated"/></page><page><nameUrl value="Condition-Covid19Complication.html"/><title value="Covid19 Complication"/><generation value="generated"/></page><page><nameUrl value="Condition-Covid19Symptoms.html"/><title value="Covid19 Symptom"/><generation value="generated"/></page><page><nameUrl value="Patient-ExamplePatient.html"/><title value="ExamplePatient"/><generation value="generated"/></page><page><nameUrl value="Condition-FungalInfectionConfirmed.html"/><title value="Fungal Infection Confirmed"/><generation value="generated"/></page><page><nameUrl value="Condition-FungalInfectionUnknown.html"/><title value="Fungal Infection Unknown"/><generation value="generated"/></page><page><nameUrl value="Procedure-ImagingProcedures.html"/><title value="imaging-procedure-instance"/><generation value="generated"/></page><page><nameUrl value="ImagingStudy-ImagingStudyPTHeart.html"/><title value="Imaging Study"/><generation value="generated"/></page><page><nameUrl value="MedicationStatement-ImmunosuppresivePermanentMedication.html"/><title value="Immunosuppresive Permanent Medication"/><generation value="generated"/></page><page><nameUrl value="Observation-IntensiveCareTreatmentDuration.html"/><title value="Intensive Care Treatment Duration"/><generation value="generated"/></page><page><nameUrl value="MedicationStatement-PediatricMedicationATCDE.html"/><title value="Pediatric Medication ATC DE"/><generation value="generated"/></page><page><nameUrl value="MedicationStatement-PediatricMedicationSCT.html"/><title value="Pediatric Medication SNOMED CT"/><generation value="generated"/></page><page><nameUrl value="Observation-SarsCoV2RTPCRStoolDetected.html"/><title value="SARS-CoV-2 RT PCR Stool Detected"/><generation value="generated"/></page><page><nameUrl value="Observation-SarsCoV2RTPCRStoolNotDetected.html"/><title value="SARS-CoV-2 RT PCR Stool Not Detected"/><generation value="generated"/></page><page><nameUrl value="Observation-SarsCoV2RTPCRUrineInconclusive.html"/><title value="SARS-CoV-2 RT PCR Urine Inconclusive"/><generation value="generated"/></page><page><nameUrl value="Specimen-SpecimenStool.html"/><title value="Specimen Stool"/><generation value="generated"/></page><page><nameUrl value="Specimen-SpecimenUrine.html"/><title value="Specimen Urine"/><generation value="generated"/></page><page><nameUrl value="Procedure-ThoracicDrainageCompleted.html"/><title value="Thoracic Drainage Completed"/><generation value="generated"/></page><page><nameUrl value="Procedure-ThoracicDrainageNotDone.html"/><title value="Thoracic Drainage Not Done"/><generation value="generated"/></page><page><nameUrl value="Procedure-ThoracicDrainageUnknown.html"/><title value="Thoracic Drainage Unknown"/><generation value="generated"/></page><page><nameUrl value="Observation-TotalLengthOfStay.html"/><title value="Total Length of Stay"/><generation value="generated"/></page><page><nameUrl value="Condition-ViralInfectionConfirmed.html"/><title value="Viral Infection Confirmed"/><generation value="generated"/></page><page><nameUrl value="Condition-ViralInfectionRefuted.html"/><title value="Viral Infection Refuted"/><generation value="generated"/></page><page><nameUrl value="Observation-birth-height-circumference-percentiles.html"/><title value="Instance of fhir resource birth height (unit percentiles) in the context of pediatrics"/><generation value="generated"/></page><page><nameUrl value="Observation-instance-birth-height.html"/><title value="Instance of fhir resource birth height in the context of pediatrics"/><generation value="generated"/></page><page><nameUrl value="Observation-instance-body-mass-index.html"/><title value="Instance of fhir resource body mass index in the context of pediatrics"/><generation value="generated"/></page><page><nameUrl value="Observation-instance-body-mass-index-percentiles.html"/><title value="Instance of fhir resource body mass index in the context of pediatrics"/><generation value="generated"/></page><page><nameUrl value="Condition-instance-chronic-Hematologic-diseases.html"/><title value="Instance of fhir resource chronic Hematologic diseases in the context of pediatrics"/><generation value="generated"/></page><page><nameUrl value="Condition-instance-chronic-Hematologic-diseases-icd.html"/><title value="Instance of fhir resource chronic Hematologic diseases in the context of pediatrics"/><generation value="generated"/></page><page><nameUrl value="Condition-instance-chronic-kidney-diseases-icd.html"/><title value="Instance of fhir resource chronic kidney diseases in the context of pediatrics"/><generation value="generated"/></page><page><nameUrl value="Condition-instance-chronic-kidney-diseases-sct.html"/><title value="Instance of fhir resource chronic kidney diseases in the context of pediatrics"/><generation value="generated"/></page><page><nameUrl value="Condition-instance-gastrointestinal-diseases.html"/><title value="Instance of fhir resource sgastrointestinal-diseases in the context of pediatrics"/><generation value="generated"/></page><page><nameUrl value="Condition-instance-gastrointestinal-diseases-icd.html"/><title value="Instance of fhir resource sgastrointestinal-diseases in the context of pediatrics"/><generation value="generated"/></page><page><nameUrl value="Observation-instance-head-circumference.html"/><title value="Instance of fhir resource head circumference (unit cm) in the context of pediatrics"/><generation value="generated"/></page><page><nameUrl value="Observation-instance-head-circumference-percentiles.html"/><title value="Instance of fhir resource head circumference (unit percentiles) in thr context of pediatrics"/><generation value="generated"/></page><page><nameUrl value="Condition-medical-history-stem-cell-transplant-instance.html"/><title value="medical-history-stem-cell-transplant-instance"/><generation value="generated"/></page><page><nameUrl value="List-preadmission-medications.html"/><title value="preadmission-medications"/><generation value="generated"/></page></page></page><parameter><code value="path-resource"/><value value="input/capabilities"/></parameter><parameter><code value="path-resource"/><value value="input/examples"/></parameter><parameter><code value="path-resource"/><value value="input/extensions"/></parameter><parameter><code value="path-resource"/><value value="input/models"/></parameter><parameter><code value="path-resource"/><value value="input/operations"/></parameter><parameter><code value="path-resource"/><value value="input/profiles"/></parameter><parameter><code value="path-resource"/><value value="input/resources"/></parameter><parameter><code value="path-resource"/><value value="input/vocabulary"/></parameter><parameter><code value="path-resource"/><value value="input/maps"/></parameter><parameter><code value="path-resource"/><value value="input/testing"/></parameter><parameter><code value="path-resource"/><value value="input/history"/></parameter><parameter><code value="path-resource"/><value value="fsh-generated/resources"/></parameter><parameter><code value="path-pages"/><value value="template/config"/></parameter><parameter><code value="path-pages"/><value value="input/images"/></parameter><parameter><code value="path-tx-cache"/><value value="input-cache/txcache"/></parameter></definition></ImplementationGuide>