<?xml version="1.0" encoding="UTF-8"?><ValueSet xmlns="http://hl7.org/fhir"><id value="medical-history-stem-cell-transplant"/><text><status value="generated"/><div xmlns="http://www.w3.org/1999/xhtml"><p>This value set includes codes based on the following rules:</p><ul><li>Include codes from <a href="http://www.snomed.org/"><code>http://snomed.info/sct</code></a> where concept  is-a  2631000119108 (History of bone marrow transplant)</li><li>Include codes from <a href="http://www.snomed.org/"><code>http://snomed.info/sct</code></a> where concept  is-a  153351000119102 (History of peripheral stem cell transplant (situation))</li></ul></div></text><url value="https://www.napkon.de/fhir/ValueSet/medical-history-stem-cell-transplant"/><version value="0.1.0"/><name value="MedicalHistoryStemCellTransplant"/><title value="Medical History Stem Cell Transplants"/><status value="draft"/><date value="2021-10-08"/><publisher value="Charité - Universitätsmedizin Berlin"/><contact><name value="Charité - Universitätsmedizin Berlin"/><telecom><system value="url"/><value value="https://www.netzwerk-universitaetsmedizin.de"/></telecom></contact><description value="Medical history linked to stem cells or bone marrow transplant for pediatric patients"/><compose><include><system value="http://snomed.info/sct"/><filter><property value="concept"/><op value="is-a"/><value value="2631000119108"/></filter></include><include><system value="http://snomed.info/sct"/><filter><property value="concept"/><op value="is-a"/><value value="153351000119102"/></filter></include></compose></ValueSet>