<?xml version="1.0" encoding="UTF-8"?><ValueSet xmlns="http://hl7.org/fhir"><id value="detected-not-detected-unknown-undetermined"/><text><status value="generated"/><div xmlns="http://www.w3.org/1999/xhtml"><ul><li>Include these codes as defined in <a href="http://www.snomed.org/"><code>http://snomed.info/sct</code></a> version <code>http://snomed.info/sct/900000000000207008/version/20210731</code><table class="none"><tr><td style="white-space:nowrap"><b>Code</b></td><td><b>Display</b></td></tr><tr><td><a href="http://browser.ihtsdotools.org/?perspective=full&amp;conceptId1=260373001">260373001</a></td><td>Detected (qualifier value)</td></tr><tr><td><a href="http://browser.ihtsdotools.org/?perspective=full&amp;conceptId1=260415000">260415000</a></td><td>Not detected (qualifier value)</td></tr><tr><td><a href="http://browser.ihtsdotools.org/?perspective=full&amp;conceptId1=261665006">261665006</a></td><td>Unknown (qualifier value)</td></tr><tr><td><a href="http://browser.ihtsdotools.org/?perspective=full&amp;conceptId1=373068000">373068000</a></td><td>Undetermined (qualifier value)</td></tr></table></li></ul></div></text><url value="https://www.napkon.de/fhir/ValueSet/detected-not-detected-unknown-undetermined"/><version value="1.0.0"/><name value="DetectedNotDetectedUnknownUndetermined"/><title value="Detected Not Detected Unknown Undetermined"/><status value="active"/><date value="2021-12-03T09:58:56+00:00"/><publisher value="Charité - Universitätsmedizin Berlin"/><contact><name value="Charité - Universitätsmedizin Berlin"/><telecom><system value="url"/><value value="https://www.netzwerk-universitaetsmedizin.de"/></telecom></contact><description value="Values for laboratory observations"/><compose><include><system value="http://snomed.info/sct"/><version value="http://snomed.info/sct/900000000000207008/version/20210731"/><concept><code value="260373001"/><display value="Detected (qualifier value)"/></concept><concept><code value="260415000"/><display value="Not detected (qualifier value)"/></concept><concept><code value="261665006"/><display value="Unknown (qualifier value)"/></concept><concept><code value="373068000"/><display value="Undetermined (qualifier value)"/></concept></include></compose></ValueSet>