<?xml version="1.0" encoding="UTF-8"?><ValueSet xmlns="http://hl7.org/fhir"><id value="chronic-kidney-diseases-sct"/><text><status value="generated"/><div xmlns="http://www.w3.org/1999/xhtml"><p>This value set includes codes based on the following rules:</p><ul><li>Include these codes as defined in <a href="http://www.snomed.org/"><code>http://snomed.info/sct</code></a><table class="none"><tr><td style="white-space:nowrap"><b>Code</b></td><td><b>Display</b></td></tr><tr><td><a href="http://browser.ihtsdotools.org/?perspective=full&amp;conceptId1=90708001:246454002=255399007">90708001:246454002=255399007</a></td><td>Kidney disease where Occurrence = Congenital</td></tr><tr><td><a href="http://browser.ihtsdotools.org/?perspective=full&amp;conceptId1=128606002:246454002=255399007">128606002:246454002=255399007</a></td><td>Disorder of the urinary system where Occurrence = Congenital</td></tr></table></li><li>Include codes from <a href="http://www.snomed.org/"><code>http://snomed.info/sct</code></a> where concept  is-a  90708001 (Kidney disease)</li><li>Include codes from <a href="http://www.snomed.org/"><code>http://snomed.info/sct</code></a> where concept  is-a  128606002 (Disorder of the urinary system)</li></ul></div></text><url value="https://www.napkon.de/fhir/ValueSet/chronic-kidney-diseases-sct"/><version value="1.0.0"/><name value="ChronicKidneyDiseasesSCT"/><title value="Value Set of Chronic Kidney Diseases"/><status value="active"/><date value="2021-10-18"/><publisher value="Charité - Universitätsmedizin Berlin"/><contact><name value="Charité - Universitätsmedizin Berlin"/><telecom><system value="url"/><value value="https://www.netzwerk-universitaetsmedizin.de"/></telecom></contact><description value="Chronic kidney diseases in the context of pediatrics"/><compose><include><system value="http://snomed.info/sct"/><concept><code value="90708001:246454002=255399007"/><display value="Kidney disease where Occurrence = Congenital"/></concept><concept><code value="128606002:246454002=255399007"/><display value="Disorder of the urinary system where Occurrence = Congenital"/></concept></include><include><system value="http://snomed.info/sct"/><filter><property value="concept"/><op value="is-a"/><value value="90708001"/></filter></include><include><system value="http://snomed.info/sct"/><filter><property value="concept"/><op value="is-a"/><value value="128606002"/></filter></include></compose></ValueSet>