<?xml version="1.0" encoding="UTF-8"?><ValueSet xmlns="http://hl7.org/fhir"><id value="bacterial-infectious-diseases"/><text><status value="generated"/><div xmlns="http://www.w3.org/1999/xhtml"><p>This value set includes codes based on the following rules:</p><ul><li>Include these codes as defined in <a href="http://www.snomed.org/"><code>http://snomed.info/sct</code></a><table class="none"><tr><td style="white-space:nowrap"><b>Code</b></td><td><b>Display</b></td></tr><tr><td><a href="http://browser.ihtsdotools.org/?perspective=full&amp;conceptId1=27836007">27836007</a></td><td>Pertussis (disorder)</td></tr><tr><td><a href="http://browser.ihtsdotools.org/?perspective=full&amp;conceptId1=186464008">186464008</a></td><td>Mycoplasma infection (disorder)</td></tr><tr><td><a href="http://browser.ihtsdotools.org/?perspective=full&amp;conceptId1=105629000">105629000</a></td><td>Chlamydial infection (disorder)</td></tr><tr><td><a href="http://browser.ihtsdotools.org/?perspective=full&amp;conceptId1=26726000">26726000</a></td><td>Legionella infection (disorder)</td></tr><tr><td><a href="http://browser.ihtsdotools.org/?perspective=full&amp;conceptId1=95883001">95883001</a></td><td>Bacterial meningitis (disorder)</td></tr><tr><td><a href="http://browser.ihtsdotools.org/?perspective=full&amp;conceptId1=48245008">48245008</a></td><td>Bacterial arthritis (disorder)</td></tr><tr><td><a href="http://browser.ihtsdotools.org/?perspective=full&amp;conceptId1=61011009">61011009</a></td><td>Bacterial osteomyelitis (disorder)</td></tr><tr><td><a href="http://browser.ihtsdotools.org/?perspective=full&amp;conceptId1=45816000">45816000</a></td><td>Pyelonephritis (disorder)</td></tr><tr><td><a href="http://browser.ihtsdotools.org/?perspective=full&amp;conceptId1=301183007">301183007</a></td><td>Bacterial endocarditis (disorder)</td></tr><tr><td><a href="http://browser.ihtsdotools.org/?perspective=full&amp;conceptId1=406614006">406614006</a></td><td>Invasive Group A beta-hemolytic streptococcal disease (disorder)</td></tr><tr><td><a href="http://browser.ihtsdotools.org/?perspective=full&amp;conceptId1=431193003">431193003</a></td><td>Infection of bloodstream (disorder)</td></tr><tr><td><a href="http://browser.ihtsdotools.org/?perspective=full&amp;conceptId1=406602003">406602003</a></td><td>Infection caused by Staphylococcus aureus (disorder)</td></tr><tr><td><a href="http://browser.ihtsdotools.org/?perspective=full&amp;conceptId1=406617004">406617004</a></td><td>Invasive Streptococcus pneumoniae disease (disorder)</td></tr><tr><td><a href="http://browser.ihtsdotools.org/?perspective=full&amp;conceptId1=108661000119109">108661000119109</a></td><td>Infection caused by Streptococcus viridans group (disorder)</td></tr><tr><td><a href="http://browser.ihtsdotools.org/?perspective=full&amp;conceptId1=302809008">302809008</a></td><td>Streptococcus pyogenes infection (disorder)</td></tr><tr><td><a href="http://browser.ihtsdotools.org/?perspective=full&amp;conceptId1=426933007">426933007</a></td><td>Streptococcus agalactiae infection (disorder)</td></tr><tr><td><a href="http://browser.ihtsdotools.org/?perspective=full&amp;conceptId1=406574007">406574007</a></td><td>Infection caused by enterococcus (disorder)</td></tr><tr><td><a href="http://browser.ihtsdotools.org/?perspective=full&amp;conceptId1=91428005">91428005</a></td><td>Haemophilus influenzae infection (disorder)</td></tr><tr><td><a href="http://browser.ihtsdotools.org/?perspective=full&amp;conceptId1=71057007">71057007</a></td><td>Infection caused by Escherichia coli (disorder)</td></tr><tr><td><a href="http://browser.ihtsdotools.org/?perspective=full&amp;conceptId1=721756002">721756002</a></td><td>Infection caused by Klebsiella (disorder)</td></tr><tr><td><a href="http://browser.ihtsdotools.org/?perspective=full&amp;conceptId1=11218009">11218009</a></td><td>Infection caused by Pseudomonas aeruginosa (disorder)</td></tr><tr><td><a href="http://browser.ihtsdotools.org/?perspective=full&amp;conceptId1=23511006">23511006</a></td><td>Meningococcal infectious disease (disorder)</td></tr></table></li><li>Include codes from <a href="http://www.snomed.org/"><code>http://snomed.info/sct</code></a> where concept  is-a  87628006 (Bacterial infectious disease)</li></ul></div></text><url value="https://www.napkon.de/fhir/ValueSet/bacterial-infectious-diseases"/><version value="1.0.0"/><name value="BacterialInfectiousDiseases"/><title value="Bacterial Infectious Diseases"/><status value="active"/><date value="2021-10-04"/><publisher value="Charité - Universitätsmedizin Berlin"/><contact><telecom><system value="url"/><value value="https://www.bihealth.org/en/research/core-facilities/interoperability/"/></telecom></contact><description value="Value set of bacterial infections"/><compose><include><system value="http://snomed.info/sct"/><concept><code value="27836007"/><display value="Pertussis (disorder)"/></concept><concept><code value="186464008"/><display value="Mycoplasma infection (disorder)"/></concept><concept><code value="105629000"/><display value="Chlamydial infection (disorder)"/></concept><concept><code value="26726000"/><display value="Legionella infection (disorder)"/></concept><concept><code value="95883001"/><display value="Bacterial meningitis (disorder)"/></concept><concept><code value="48245008"/><display value="Bacterial arthritis (disorder)"/></concept><concept><code value="61011009"/><display value="Bacterial osteomyelitis (disorder)"/></concept><concept><code value="45816000"/><display value="Pyelonephritis (disorder)"/></concept><concept><code value="301183007"/><display value="Bacterial endocarditis (disorder)"/></concept><concept><code value="406614006"/><display value="Invasive Group A beta-hemolytic streptococcal disease (disorder)"/></concept><concept><code value="431193003"/><display value="Infection of bloodstream (disorder)"/></concept><concept><code value="406602003"/><display value="Infection caused by Staphylococcus aureus (disorder)"/></concept><concept><code value="406617004"/><display value="Invasive Streptococcus pneumoniae disease (disorder)"/></concept><concept><code value="108661000119109"/><display value="Infection caused by Streptococcus viridans group (disorder)"/></concept><concept><code value="302809008"/><display value="Streptococcus pyogenes infection (disorder)"/></concept><concept><code value="426933007"/><display value="Streptococcus agalactiae infection (disorder)"/></concept><concept><code value="406574007"/><display value="Infection caused by enterococcus (disorder)"/></concept><concept><code value="91428005"/><display value="Haemophilus influenzae infection (disorder)"/></concept><concept><code value="71057007"/><display value="Infection caused by Escherichia coli (disorder)"/></concept><concept><code value="721756002"/><display value="Infection caused by Klebsiella (disorder)"/></concept><concept><code value="11218009"/><display value="Infection caused by Pseudomonas aeruginosa (disorder)"/></concept><concept><code value="23511006"/><display value="Meningococcal infectious disease (disorder)"/></concept></include><include><system value="http://snomed.info/sct"/><filter><property value="concept"/><op value="is-a"/><value value="87628006"/></filter></include></compose></ValueSet>