<?xml version="1.0" encoding="UTF-8"?><ValueSet xmlns="http://hl7.org/fhir"><id value="congenital-diseases"/><text><status value="generated"/><div xmlns="http://www.w3.org/1999/xhtml"><ul><li>Include codes from <a href="http://www.snomed.org/"><code>http://snomed.info/sct</code></a> where concept  is-a  66091009 (Congenital disease)</li></ul></div></text><url value="https://www.napkon.de/fhir/ValueSet/congenital-diseases"/><version value="0.1.0"/><name value="CongenitalDiseases"/><title value="Congenital Diseases"/><status value="draft"/><date value="2021-11-17"/><publisher value="Charité - Universitätsmedizin Berlin"/><contact><name value="Charité - Universitätsmedizin Berlin"/><telecom><system value="url"/><value value="https://www.netzwerk-universitaetsmedizin.de"/></telecom></contact><description value="Congenital diseases"/><compose><include><system value="http://snomed.info/sct"/><filter><property value="concept"/><op value="is-a"/><value value="66091009"/></filter></include></compose></ValueSet>