<?xml version="1.0" encoding="UTF-8"?><ValueSet xmlns="http://hl7.org/fhir"><id value="medication-pediatrics-atc-de"/><text><status value="generated"/><div xmlns="http://www.w3.org/1999/xhtml"><p>This value set includes codes based on the following rules:</p><ul><li>Include these codes as defined in <code>http://fhir.de/CodeSystem/bfarm/atc</code><table class="none"><tr><td style="white-space:nowrap"><b>Code</b></td><td><b>Display</b></td></tr><tr><td><a href="?ngen-14?.html#CodeSystemATC2021-A01AD05">A01AD05</a></td><td>Acetylsalicylsäure</td></tr><tr><td><a href="?ngen-14?.html#CodeSystemATC2021-L04AC07">L04AC07</a></td><td>Tocilizumab</td></tr><tr><td><a href="?ngen-14?.html#CodeSystemATC2021-L04AC03">L04AC03</a></td><td>Anakinra</td></tr><tr><td><a href="?ngen-14?.html#CodeSystemATC2021-N01AX13">N01AX13</a></td><td>Distickstoffmonoxid</td></tr><tr><td><a href="?ngen-14?.html#CodeSystemATC2021-N01AX63">N01AX63</a></td><td>Distickstoffmonoxid, Kombinationen</td></tr></table></li><li>Include codes from <code>http://fhir.de/CodeSystem/bfarm/atc</code> where concept  is-a  <a href="?ngen-14?.html#CodeSystemATC2021-J06B">J06B</a></li><li>Include codes from <code>http://fhir.de/CodeSystem/bfarm/atc</code> where concept  is-a  <a href="?ngen-14?.html#CodeSystemATC2021-C01C">C01C</a></li><li>Include codes from <code>http://fhir.de/CodeSystem/bfarm/atc</code> where concept  is-a  <a href="?ngen-14?.html#CodeSystemATC2021-J01">J01</a></li><li>Include codes from <code>http://fhir.de/CodeSystem/bfarm/atc</code> where concept  is-a  <a href="?ngen-14?.html#CodeSystemATC2021-B02B">B02B</a></li><li>Include codes from <code>http://fhir.de/CodeSystem/bfarm/atc</code> where concept  is-a  <a href="?ngen-14?.html#CodeSystemATC2021-B05">B05</a></li><li>Include codes from <code>http://fhir.de/CodeSystem/bfarm/atc</code> where concept  is-a  <a href="?ngen-14?.html#CodeSystemATC2021-R03">R03</a></li></ul></div></text><url value="https://www.napkon.de/fhir/ValueSet/medication-pediatrics-atc-de"/><version value="0.1.0"/><name value="MedicationPediatricsATCDE"/><title value="Medication Pediatrics ATC DE"/><status value="draft"/><date value="2021-09-23"/><publisher value="Charité - Universitätsmedizin Berlin"/><contact><name value="Charité - Universitätsmedizin Berlin"/><telecom><system value="url"/><value value="https://www.netzwerk-universitaetsmedizin.de"/></telecom></contact><description value="Medication used in the case of a of Covid-19 infection for a pediatric patient"/><compose><include><system value="http://fhir.de/CodeSystem/bfarm/atc"/><concept><code value="A01AD05"/><display value="Acetylsalicylsäure"/></concept><concept><code value="L04AC07"/><display value="Tocilizumab"/></concept><concept><code value="L04AC03"/><display value="Anakinra"/></concept><concept><code value="N01AX13"/><display value="Distickstoffmonoxid"/></concept><concept><code value="N01AX63"/><display value="Distickstoffmonoxid, Kombinationen"/></concept></include><include><system value="http://fhir.de/CodeSystem/bfarm/atc"/><filter><property value="concept"/><op value="is-a"/><value value="J06B"/></filter></include><include><system value="http://fhir.de/CodeSystem/bfarm/atc"/><filter><property value="concept"/><op value="is-a"/><value value="C01C"/></filter></include><include><system value="http://fhir.de/CodeSystem/bfarm/atc"/><filter><property value="concept"/><op value="is-a"/><value value="J01"/></filter></include><include><system value="http://fhir.de/CodeSystem/bfarm/atc"/><filter><property value="concept"/><op value="is-a"/><value value="B02B"/></filter></include><include><system value="http://fhir.de/CodeSystem/bfarm/atc"/><filter><property value="concept"/><op value="is-a"/><value value="B05"/></filter></include><include><system value="http://fhir.de/CodeSystem/bfarm/atc"/><filter><property value="concept"/><op value="is-a"/><value value="R03"/></filter></include></compose></ValueSet>