<?xml version="1.0" encoding="UTF-8"?><ValueSet xmlns="http://hl7.org/fhir"><id value="medical-history-stem-cell-transplant-icd"/><text><status value="generated"/><div xmlns="http://www.w3.org/1999/xhtml"><ul><li>Include these codes as defined in <code>http://fhir.de/CodeSystem/bfarm/icd-10-gm</code> version <code>2022</code><table class="none"><tr><td style="white-space:nowrap"><b>Code</b></td><td><b>Display</b></td></tr><tr><td>Z94.80</td><td>Zustand nach hämatopoetischer Stammzelltransplantation ohne gegenwärtige Immunsuppression</td></tr><tr><td>Z94.81</td><td>Zustand nach hämatopoetischer Stammzelltransplantation mit gegenwärtiger Immunsuppression</td></tr></table></li></ul></div></text><url value="https://www.napkon.de/fhir/ValueSet/medical-history-stem-cell-transplant-icd"/><version value="1.0.0"/><name value="MedicalHistoryStemCellTransplantICD"/><title value="Medical History Stem Cell Transplants ICD"/><status value="active"/><date value="2021-10-08"/><publisher value="Charité - Universitätsmedizin Berlin"/><contact><name value="Charité - Universitätsmedizin Berlin"/><telecom><system value="url"/><value value="https://www.netzwerk-universitaetsmedizin.de"/></telecom></contact><description value="Medical history linked to stem cells or bone marrow transplant for pediatric patients"/><compose><include><system value="http://fhir.de/CodeSystem/bfarm/icd-10-gm"/><version value="2022"/><concept><code value="Z94.80"/><display value="Zustand nach hämatopoetischer Stammzelltransplantation ohne gegenwärtige Immunsuppression"/></concept><concept><code value="Z94.81"/><display value="Zustand nach hämatopoetischer Stammzelltransplantation mit gegenwärtiger Immunsuppression"/></concept></include></compose></ValueSet>