{
  "resourceType": "Condition",
  "id": "instance-chronic-hematologic-diseases",
  "meta": {
    "profile": [
      "https://www.napkon.de/fhir/StructureDefinition/chronic-hematologic-diseases"
    ]
  },
  "text": {
    "status": "generated",
    "div": "<div xmlns=\"http://www.w3.org/1999/xhtml\"><p><b>Generated Narrative</b></p><p><b>verificationStatus</b>: <span title=\"Codes: {http://terminology.hl7.org/CodeSystem/condition-ver-status confirmed}, {http://snomed.info/sct 410605003}\">Confirmed present (qualifier value)</span></p><p><b>category</b>: <span title=\"Codes: {http://snomed.info/sct 394803006}\">Clinical hematology (qualifier value)</span></p><p><b>code</b>: <span title=\"Codes: {http://snomed.info/sct 303011007:263502005=90734009}\">Neutropenic disorder where Clinical course = Chronic</span></p><p><b>subject</b>: <a href=\"Patient-ExamplePatient.html\">Generated Summary: Medical record number: napkon-example-patient; maxi musterperson (OFFICIAL); gender: unknown; birthDate: 1990-08-08</a></p><p><b>recordedDate</b>: 2021-11-08</p></div>"
  },
  "verificationStatus": {
    "coding": [
      {
        "system": "http://terminology.hl7.org/CodeSystem/condition-ver-status",
        "code": "confirmed"
      },
      {
        "system": "http://snomed.info/sct",
        "code": "410605003",
        "display": "Confirmed present (qualifier value)"
      }
    ]
  },
  "category": [
    {
      "coding": [
        {
          "system": "http://snomed.info/sct",
          "code": "394803006",
          "display": "Clinical hematology (qualifier value)"
        }
      ]
    }
  ],
  "code": {
    "coding": [
      {
        "system": "http://snomed.info/sct",
        "code": "303011007:263502005=90734009",
        "display": "Neutropenic disorder where Clinical course = Chronic"
      }
    ]
  },
  "subject": {
    "reference": "Patient/ExamplePatient"
  },
  "recordedDate": "2021-11-08"
}