<?xml version="1.0" encoding="UTF-8"?>

<Condition xmlns="http://hl7.org/fhir">
  <id value="ViralInfectionConfirmed"/>
  <meta>
    <profile value="https://www.napkon.de/fhir/StructureDefinition/viral-infection"/>
  </meta>
  <text>
    <status value="generated"/><div xmlns="http://www.w3.org/1999/xhtml"><p><b>Generated Narrative</b></p><p><b>verificationStatus</b>: <span title="Codes: {http://terminology.hl7.org/CodeSystem/condition-ver-status confirmed}, {http://snomed.info/sct 410605003}">Confirmed present (qualifier value)</span></p><p><b>category</b>: <span title="Codes: {http://snomed.info/sct 394807007}, {http://terminology.hl7.org/CodeSystem/observation-category laboratory}">Infectious diseases (specialty) (qualifier value)</span></p><p><b>code</b>: <span title="Codes: {http://snomed.info/sct 27619001}">Disease caused by Coronaviridae (disorder)</span></p><p><b>subject</b>: <a href="Patient-ExamplePatient.html">Generated Summary: Medical record number: napkon-example-patient; maxi musterperson (OFFICIAL); gender: unknown; birthDate: 1990-08-08</a></p><p><b>recordedDate</b>: 2021-11-03</p></div>
  </text>
  <verificationStatus>
    <coding>
      <system value="http://terminology.hl7.org/CodeSystem/condition-ver-status"/>
      <code value="confirmed"/>
    </coding>
    <coding>
      <system value="http://snomed.info/sct"/>
      <code value="410605003"/>
      <display value="Confirmed present (qualifier value)"/>
    </coding>
  </verificationStatus>
  <category>
    <coding>
      <system value="http://snomed.info/sct"/>
      <code value="394807007"/>
      <display value="Infectious diseases (specialty) (qualifier value)"/>
    </coding>
    <coding>
      <system value="http://terminology.hl7.org/CodeSystem/observation-category"/>
      <code value="laboratory"/>
      <display value="Laboratory"/>
    </coding>
  </category>
  <code>
    <coding>
      <system value="http://snomed.info/sct"/>
      <code value="27619001"/>
      <display value="Disease caused by Coronaviridae (disorder)"/>
    </coding>
  </code>
  <subject>
    <reference value="Patient/ExamplePatient"/>
  </subject>
  <recordedDate value="2021-11-03"/>
</Condition>