{
  "resourceType": "Observation",
  "id": "TotalLengthOfStay",
  "meta": {
    "profile": [
      "https://www.napkon.de/fhir/StructureDefinition/total-length-of-stay"
    ]
  },
  "text": {
    "status": "generated",
    "div": "<div xmlns=\"http://www.w3.org/1999/xhtml\"><p><b>Generated Narrative</b></p><p></p><p><b>code</b>: <span title=\"Codes: {http://loinc.org 78033-8}, {http://snomed.info/sct 183797002}\">Hospital stay duration</span></p><p><b>subject</b>: <a href=\"Patient-ExamplePatient.html\">Generated Summary: Medical record number: napkon-example-patient; maxi musterperson (OFFICIAL); gender: unknown; birthDate: 1990-08-08</a></p><p><b>value</b>: 10 d</p></div>"
  },
  "status": "final",
  "code": {
    "coding": [
      {
        "system": "http://loinc.org",
        "code": "78033-8",
        "display": "Hospital stay duration"
      },
      {
        "system": "http://snomed.info/sct",
        "code": "183797002",
        "display": "Duration of inpatient stay (observable entity)"
      }
    ]
  },
  "subject": {
    "reference": "Patient/ExamplePatient"
  },
  "valueQuantity": {
    "value": 10,
    "system": "http://unitsofmeasure.org",
    "code": "d"
  }
}