<?xml version="1.0" encoding="UTF-8"?>

<ValueSet xmlns="http://hl7.org/fhir">
  <id value="covid19-complications"/>
  <text>
    <status value="generated"/><div xmlns="http://www.w3.org/1999/xhtml"><ul><li>Include these codes as defined in <a href="http://www.snomed.org/"><code>http://snomed.info/sct</code></a><table class="none"><tr><td style="white-space:nowrap"><b>Code</b></td><td><b>Display</b></td></tr><tr><td><a href="http://browser.ihtsdotools.org/?perspective=full&amp;conceptId1=52702003">52702003</a></td><td>Chronic fatigue syndrome (disorder)</td></tr><tr><td><a href="http://browser.ihtsdotools.org/?perspective=full&amp;conceptId1=32398004">32398004</a></td><td>Bronchitis (disorder)</td></tr><tr><td><a href="http://browser.ihtsdotools.org/?perspective=full&amp;conceptId1=4120002">4120002</a></td><td>Bronchiolitis (disorder)</td></tr><tr><td><a href="http://browser.ihtsdotools.org/?perspective=full&amp;conceptId1=233981004">233981004</a></td><td>Arterial aneurysm (disorder)</td></tr><tr><td><a href="http://browser.ihtsdotools.org/?perspective=full&amp;conceptId1=417451006:363589002=439569004">417451006:363589002=439569004</a></td><td>Procedure needed Where Associated procedure = Resuscitation</td></tr><tr><td><a href="http://browser.ihtsdotools.org/?perspective=full&amp;conceptId1=235856003">235856003</a></td><td>Disorder of liver (disorder)</td></tr><tr><td><a href="http://browser.ihtsdotools.org/?perspective=full&amp;conceptId1=128613002">128613002</a></td><td>Seizure disorder (disorder)</td></tr><tr><td><a href="http://browser.ihtsdotools.org/?perspective=full&amp;conceptId1=271594007">271594007</a></td><td>Syncope (finding)</td></tr><tr><td><a href="http://browser.ihtsdotools.org/?perspective=full&amp;conceptId1=271737000">271737000</a></td><td>Anemia (disorder)</td></tr><tr><td><a href="http://browser.ihtsdotools.org/?perspective=full&amp;conceptId1=11479008">11479008</a></td><td>Organic mental disorder (disorder)</td></tr><tr><td><a href="http://browser.ihtsdotools.org/?perspective=full&amp;conceptId1=1119303003">1119303003</a></td><td>Post-acute COVID-19 (disorder)</td></tr><tr><td><a href="http://browser.ihtsdotools.org/?perspective=full&amp;conceptId1=64226004">64226004</a></td><td>Colitis (disorder)</td></tr><tr><td><a href="http://browser.ihtsdotools.org/?perspective=full&amp;conceptId1=52457000">52457000</a></td><td>Ileitis (disorder)</td></tr><tr><td><a href="http://browser.ihtsdotools.org/?perspective=full&amp;conceptId1=48661000">48661000</a></td><td>Peritonitis (disorder)</td></tr><tr><td><a href="http://browser.ihtsdotools.org/?perspective=full&amp;conceptId1=389026000">389026000</a></td><td>Ascites (disorder)</td></tr></table></li></ul></div>
  </text>
  <url value="https://www.napkon.de/fhir/ValueSet/covid19-complications"/>
  <version value="1.0.0"/>
  <name value="COVID19ComplicationsSCT"/>
  <title value="COVID-19 complications"/>
  <status value="active"/>
  <date value="2020-10-05"/>
  <publisher value="Charité - Universitätsmedizin Berlin"/>
  <contact>
    <telecom>
      <system value="url"/>
      <value value="https://www.bihealth.org/en/research/core-facilities/interoperability/"/>
    </telecom>
  </contact>
  <description value="Complications due to COVID-19"/>
  <compose>
    <include>
      <system value="http://snomed.info/sct"/>
      <concept>
        <code value="52702003"/>
        <display value="Chronic fatigue syndrome (disorder)"/>
      </concept>
      <concept>
        <code value="32398004"/>
        <display value="Bronchitis (disorder)"/>
      </concept>
      <concept>
        <code value="4120002"/>
        <display value="Bronchiolitis (disorder)"/>
      </concept>
      <concept>
        <code value="233981004"/>
        <display value="Arterial aneurysm (disorder)"/>
      </concept>
      <concept>
        <code value="417451006:363589002=439569004"/>
        <display value="Procedure needed Where Associated procedure = Resuscitation"/>
      </concept>
      <concept>
        <code value="235856003"/>
        <display value="Disorder of liver (disorder)"/>
      </concept>
      <concept>
        <code value="128613002"/>
        <display value="Seizure disorder (disorder)"/>
      </concept>
      <concept>
        <code value="271594007"/>
        <display value="Syncope (finding)"/>
      </concept>
      <concept>
        <code value="271737000"/>
        <display value="Anemia (disorder)"/>
      </concept>
      <concept>
        <code value="11479008"/>
        <display value="Organic mental disorder (disorder)"/>
      </concept>
      <concept>
        <code value="1119303003"/>
        <display value="Post-acute COVID-19 (disorder)"/>
      </concept>
      <concept>
        <code value="64226004"/>
        <display value="Colitis (disorder)"/>
      </concept>
      <concept>
        <code value="52457000"/>
        <display value="Ileitis (disorder)"/>
      </concept>
      <concept>
        <code value="48661000"/>
        <display value="Peritonitis (disorder)"/>
      </concept>
      <concept>
        <code value="389026000"/>
        <display value="Ascites (disorder)"/>
      </concept>
    </include>
  </compose>
</ValueSet>