<?xml version="1.0" encoding="UTF-8"?>

<ValueSet xmlns="http://hl7.org/fhir">
  <id value="fungal-infections-sct"/>
  <text>
    <status value="generated"/><div xmlns="http://www.w3.org/1999/xhtml"><p>This value set includes codes based on the following rules:</p><ul><li>Include codes from <a href="http://www.snomed.org/"><code>http://snomed.info/sct</code></a> where concept  is-a  83062006 (Infection by Candida albicans)</li><li>Include codes from <a href="http://www.snomed.org/"><code>http://snomed.info/sct</code></a> where concept  is-a  65553006 (Aspergillosis)</li><li>Include codes from <a href="http://www.snomed.org/"><code>http://snomed.info/sct</code></a> where concept  is-a  3218000 (Mycosis)</li><li>Include codes from <a href="http://www.snomed.org/"><code>http://snomed.info/sct</code></a> where concept  is-a  3218000 (Mycosis)</li></ul></div>
  </text>
  <url value="https://www.napkon.de/fhir/ValueSet/fungal-infections-sct"/>
  <version value="1.0.0"/>
  <name value="FungalInfectionsSCT"/>
  <title value="Fungal Infections SNOMED CT"/>
  <status value="active"/>
  <date value="2020-10-05"/>
  <publisher value="Charité - Universitätsmedizin Berlin"/>
  <contact>
    <name value="Charité - Universitätsmedizin Berlin"/>
    <telecom>
      <system value="url"/>
      <value value="https://www.netzwerk-universitaetsmedizin.de"/>
    </telecom>
  </contact>
  <description value="Value set of fungal infections"/>
  <compose>
    <include>
      <system value="http://snomed.info/sct"/>
      <filter>
        <property value="concept"/>
        <op value="is-a"/>
        <value value="83062006"/>
      </filter>
    </include>
    <include>
      <system value="http://snomed.info/sct"/>
      <filter>
        <property value="concept"/>
        <op value="is-a"/>
        <value value="65553006"/>
      </filter>
    </include>
    <include>
      <system value="http://snomed.info/sct"/>
      <filter>
        <property value="concept"/>
        <op value="is-a"/>
        <value value="3218000"/>
      </filter>
    </include>
    <include>
      <system value="http://snomed.info/sct"/>
      <filter>
        <property value="concept"/>
        <op value="is-a"/>
        <value value="3218000"/>
      </filter>
    </include>
  </compose>
</ValueSet>