{
  "resourceType": "ValueSet",
  "id": "chronic-Hematologic-diseases-sct",
  "text": {
    "status": "generated",
    "div": "<div xmlns=\"http://www.w3.org/1999/xhtml\"><p>This value set includes codes based on the following rules:</p><ul><li>Include these codes as defined in <a href=\"http://www.snomed.org/\"><code>http://snomed.info/sct</code></a><table class=\"none\"><tr><td style=\"white-space:nowrap\"><b>Code</b></td><td><b>Display</b></td></tr><tr><td><a href=\"http://browser.ihtsdotools.org/?perspective=full&amp;conceptId1=61261009\">61261009</a></td><td>Hemolytic anemia (disorder)</td></tr><tr><td><a href=\"http://browser.ihtsdotools.org/?perspective=full&amp;conceptId1=40108008\">40108008</a></td><td>Thalassemia (disorder)</td></tr><tr><td><a href=\"http://browser.ihtsdotools.org/?perspective=full&amp;conceptId1=127040003\">127040003</a></td><td>Sickle cell-hemoglobin SS disease (disorder)</td></tr><tr><td><a href=\"http://browser.ihtsdotools.org/?perspective=full&amp;conceptId1=62403005\">62403005</a></td><td>Glucose-6-phosphate dehydrogenase deficiency anemia (disorder)</td></tr><tr><td><a href=\"http://browser.ihtsdotools.org/?perspective=full&amp;conceptId1=87522002\">87522002</a></td><td>Iron deficiency anemia (disorder)</td></tr><tr><td><a href=\"http://browser.ihtsdotools.org/?perspective=full&amp;conceptId1=303011007:263502005=90734009\">303011007:263502005=90734009</a></td><td>Neutropenic disorder where Clinical course = Chronic</td></tr><tr><td><a href=\"http://browser.ihtsdotools.org/?perspective=full&amp;conceptId1=109995007\">109995007</a></td><td>Myelodysplastic syndrome (disorder)</td></tr><tr><td><a href=\"http://browser.ihtsdotools.org/?perspective=full&amp;conceptId1=64779008\">64779008</a></td><td>Blood coagulation disorder (disorder)</td></tr></table></li><li>Include codes from <a href=\"http://www.snomed.org/\"><code>http://snomed.info/sct</code></a> where concept  is-a  414022008 (Disorder of cellular component of blood (disorder))</li><li>Include codes from <a href=\"http://www.snomed.org/\"><code>http://snomed.info/sct</code></a> where concept  is-a  414027002 (Disorder of hematopoietic structure (disorder))</li><li>Include codes from <a href=\"http://www.snomed.org/\"><code>http://snomed.info/sct</code></a> where concept  is-a  362970003 (Disorder of hemostatic system)</li></ul></div>"
  },
  "url": "https://www.napkon.de/fhir/ValueSet/chronic-Hematologic-diseases-sct",
  "version": "0.1.0",
  "name": "ChronicHematologicDiseases",
  "title": "Value Set of Chronic Hematologic Diseases",
  "status": "draft",
  "date": "2021-09-13",
  "publisher": "Charité - Universitätsmedizin Berlin",
  "contact": [
    {
      "name": "Charité - Universitätsmedizin Berlin",
      "telecom": [
        {
          "system": "url",
          "value": "https://www.netzwerk-universitaetsmedizin.de"
        }
      ]
    }
  ],
  "description": "Chronic Hematologic diseases the context of pediatrics and Covid-19",
  "compose": {
    "include": [
      {
        "system": "http://snomed.info/sct",
        "concept": [
          {
            "code": "61261009",
            "display": "Hemolytic anemia (disorder)"
          },
          {
            "code": "40108008",
            "display": "Thalassemia (disorder)"
          },
          {
            "code": "127040003",
            "display": "Sickle cell-hemoglobin SS disease (disorder)"
          },
          {
            "code": "62403005",
            "display": "Glucose-6-phosphate dehydrogenase deficiency anemia (disorder)"
          },
          {
            "code": "87522002",
            "display": "Iron deficiency anemia (disorder)"
          },
          {
            "code": "303011007:263502005=90734009",
            "display": "Neutropenic disorder where Clinical course = Chronic"
          },
          {
            "code": "109995007",
            "display": "Myelodysplastic syndrome (disorder)"
          },
          {
            "code": "64779008",
            "display": "Blood coagulation disorder (disorder)"
          }
        ]
      },
      {
        "system": "http://snomed.info/sct",
        "filter": [
          {
            "property": "concept",
            "op": "is-a",
            "value": "414022008"
          }
        ]
      },
      {
        "system": "http://snomed.info/sct",
        "filter": [
          {
            "property": "concept",
            "op": "is-a",
            "value": "414027002"
          }
        ]
      },
      {
        "system": "http://snomed.info/sct",
        "filter": [
          {
            "property": "concept",
            "op": "is-a",
            "value": "362970003"
          }
        ]
      }
    ]
  }
}