<?xml version="1.0" encoding="UTF-8"?>

<ValueSet xmlns="http://hl7.org/fhir">
  <id value="gastrointestinal-diseases-sct"/>
  <text>
    <status value="generated"/><div xmlns="http://www.w3.org/1999/xhtml"><p>This value set includes codes based on the following rules:</p><ul><li>Include these codes as defined in <a href="http://www.snomed.org/"><code>http://snomed.info/sct</code></a><table class="none"><tr><td style="white-space:nowrap"><b>Code</b></td><td><b>Display</b></td></tr><tr><td><a href="http://browser.ihtsdotools.org/?perspective=full&amp;conceptId1=236069009">236069009</a></td><td>Chronic constipation (disorder)</td></tr><tr><td><a href="http://browser.ihtsdotools.org/?perspective=full&amp;conceptId1=24526004">24526004</a></td><td>Inflammatory bowel disease</td></tr><tr><td><a href="http://browser.ihtsdotools.org/?perspective=full&amp;conceptId1=396331005">396331005</a></td><td>Celiac disease (disorder)</td></tr><tr><td><a href="http://browser.ihtsdotools.org/?perspective=full&amp;conceptId1=782555009">782555009</a></td><td>Allergy to cow's milk protein (finding)</td></tr><tr><td><a href="http://browser.ihtsdotools.org/?perspective=full&amp;conceptId1=118926004">118926004</a></td><td>Disorder of bile duct (disorder)</td></tr></table></li><li>Include codes from <a href="http://www.snomed.org/"><code>http://snomed.info/sct</code></a> where concept  is-a  119292006 (Disorder of gastrointestinal tract (disorder))</li></ul></div>
  </text>
  <url value="https://www.napkon.de/fhir/ValueSet/gastrointestinal-diseases-sct"/>
  <version value="0.1.0"/>
  <name value="GastrointestinalDiseases"/>
  <title value="Value Set of Gastrointestinal Diseases"/>
  <status value="draft"/>
  <date value="2021-09-13"/>
  <publisher value="Charité - Universitätsmedizin Berlin"/>
  <contact>
    <name value="Charité - Universitätsmedizin Berlin"/>
    <telecom>
      <system value="url"/>
      <value value="https://www.netzwerk-universitaetsmedizin.de"/>
    </telecom>
  </contact>
  <description value="Gastrointestinal diseases in the context of pediatrics and Covid-19"/>
  <compose>
    <include>
      <system value="http://snomed.info/sct"/>
      <concept>
        <code value="236069009"/>
        <display value="Chronic constipation (disorder)"/>
      </concept>
      <concept>
        <code value="24526004"/>
        <display value="Inflammatory bowel disease"/>
      </concept>
      <concept>
        <code value="396331005"/>
        <display value="Celiac disease (disorder)"/>
      </concept>
      <concept>
        <code value="782555009"/>
        <display value="Allergy to cow&#39;s milk protein (finding)"/>
      </concept>
      <concept>
        <code value="118926004"/>
        <display value="Disorder of bile duct (disorder)"/>
      </concept>
    </include>
    <include>
      <system value="http://snomed.info/sct"/>
      <filter>
        <property value="concept"/>
        <op value="is-a"/>
        <value value="119292006"/>
      </filter>
    </include>
  </compose>
</ValueSet>