{"resourceType":"ImplementationGuide","id":"napkon-pediatrics","text":{"status":"extensions","div":"<div xmlns=\"http://www.w3.org/1999/xhtml\"><h2>napkonpediatrics</h2><p>The official URL for this implementation guide is: </p><pre>https://www.napkon.de/fhir/ImplementationGuide/napkon-pediatrics</pre></div>"},"url":"https://www.napkon.de/fhir/ImplementationGuide/napkon-pediatrics","version":"1.0.0","name":"napkonpediatrics","status":"active","date":"2021-12-06T20:58:11+00:00","publisher":"Charité - Universitätsmedizin Berlin","contact":[{"name":"Charité - Universitätsmedizin Berlin","telecom":[{"system":"url","value":"https://www.netzwerk-universitaetsmedizin.de"}]}],"packageId":"napkon-pediatrics","license":"CC0-1.0","fhirVersion":["4.0.1"],"dependsOn":[{"id":"de_medizininformatikinitiative_kerndatensatz_prozedur","uri":"https://simplifier.net/guide/medizininformatikinitiative-modulprozeduren-implementationguide","packageId":"de.medizininformatikinitiative.kerndatensatz.prozedur","version":"2.0.0-alpha4"},{"id":"de_medizininformatikinitiative_kerndatensatz_person","uri":"https://simplifier.net/guide/medizininformatikinitiative-modulperson-implementationguide","packageId":"de.medizininformatikinitiative.kerndatensatz.person","version":"2.0.0-alpha3"},{"id":"de_medizininformatikinitiative_kerndatensatz_medikation","uri":"https://simplifier.net/guide/medizininformatikinitiative-modulmedikation-implementationguide","packageId":"de.medizininformatikinitiative.kerndatensatz.medikation","version":"1.0.10"},{"id":"de_medizininformatikinitiative_kerndatensatz_diagnose","uri":"https://simplifier.net/guide/medizininformatikinitiative-moduldiagnosen-implementationguide","packageId":"de.medizininformatikinitiative.kerndatensatz.diagnose","version":"2.0.0-alpha3"},{"id":"de_medizininformatikinitiative_kerndatensatz_laborbefund","uri":"https://simplifier.net/guide/laborbefundindermedizininformatik-initiative","packageId":"de.medizininformatikinitiative.kerndatensatz.laborbefund","version":"1.0.6"},{"id":"de_gecco","uri":"https://simplifier.net/guide/germancoronaconsensusdataset-implementationguide","packageId":"de.gecco","version":"1.0.5"},{"id":"de_medizininformatikinitiative_kerndatensatz_meta","uri":"https://simplifier.net/guide/medizininformatikinitiative-implementationguide-manteldokument","packageId":"de.medizininformatikinitiative.kerndatensatz.meta","version":"1.0.3"}],"definition":{"extension":[{"extension":[{"url":"code","valueString":"copyrightyear"},{"url":"value","valueString":"2021+"}],"url":"http://hl7.org/fhir/tools/StructureDefinition/ig-parameter"},{"extension":[{"url":"code","valueString":"releaselabel"},{"url":"value","valueString":"trial-use"}],"url":"http://hl7.org/fhir/tools/StructureDefinition/ig-parameter"},{"extension":[{"url":"code","valueString":"path-liquid"},{"url":"value","valueString":"template/liquid"}],"url":"http://hl7.org/fhir/tools/StructureDefinition/ig-parameter"},{"extension":[{"url":"code","valueString":"path-liquid"},{"url":"value","valueString":"input/liquid"}],"url":"http://hl7.org/fhir/tools/StructureDefinition/ig-parameter"},{"extension":[{"url":"code","valueString":"path-qa"},{"url":"value","valueString":"temp/qa"}],"url":"http://hl7.org/fhir/tools/StructureDefinition/ig-parameter"},{"extension":[{"url":"code","valueString":"path-temp"},{"url":"value","valueString":"temp/pages"}],"url":"http://hl7.org/fhir/tools/StructureDefinition/ig-parameter"},{"extension":[{"url":"code","valueString":"path-output"},{"url":"value","valueString":"output"}],"url":"http://hl7.org/fhir/tools/StructureDefinition/ig-parameter"},{"extension":[{"url":"code","valueString":"path-suppressed-warnings"},{"url":"value","valueString":"input/ignoreWarnings.txt"}],"url":"http://hl7.org/fhir/tools/StructureDefinition/ig-parameter"},{"extension":[{"url":"code","valueString":"path-history"},{"url":"value","valueString":"https://www.napkon.de/fhir/history.html"}],"url":"http://hl7.org/fhir/tools/StructureDefinition/ig-parameter"},{"extension":[{"url":"code","valueString":"template-html"},{"url":"value","valueString":"template-page.html"}],"url":"http://hl7.org/fhir/tools/StructureDefinition/ig-parameter"},{"extension":[{"url":"code","valueString":"template-md"},{"url":"value","valueString":"template-page-md.html"}],"url":"http://hl7.org/fhir/tools/StructureDefinition/ig-parameter"},{"extension":[{"url":"code","valueString":"apply-contact"},{"url":"value","valueString":"true"}],"url":"http://hl7.org/fhir/tools/StructureDefinition/ig-parameter"},{"extension":[{"url":"code","valueString":"apply-context"},{"url":"value","valueString":"true"}],"url":"http://hl7.org/fhir/tools/StructureDefinition/ig-parameter"},{"extension":[{"url":"code","valueString":"apply-copyright"},{"url":"value","valueString":"true"}],"url":"http://hl7.org/fhir/tools/StructureDefinition/ig-parameter"},{"extension":[{"url":"code","valueString":"apply-jurisdiction"},{"url":"value","valueString":"true"}],"url":"http://hl7.org/fhir/tools/StructureDefinition/ig-parameter"},{"extension":[{"url":"code","valueString":"apply-license"},{"url":"value","valueString":"true"}],"url":"http://hl7.org/fhir/tools/StructureDefinition/ig-parameter"},{"extension":[{"url":"code","valueString":"apply-publisher"},{"url":"value","valueString":"true"}],"url":"http://hl7.org/fhir/tools/StructureDefinition/ig-parameter"},{"extension":[{"url":"code","valueString":"apply-version"},{"url":"value","valueString":"true"}],"url":"http://hl7.org/fhir/tools/StructureDefinition/ig-parameter"},{"extension":[{"url":"code","valueString":"active-tables"},{"url":"value","valueString":"true"}],"url":"http://hl7.org/fhir/tools/StructureDefinition/ig-parameter"}],"grouping":[{"id":"-str-profile","name":"Structures: Resource Profiles","description":"These define constraints on FHIR resources for systems conforming to this implementation guide"},{"id":"-term-valueset","name":"Terminology: Value Sets","description":"These define sets of codes used by systems conforming to this implementation guide"},{"id":"-term-codesystem","name":"Terminology: Code Systems","description":"These define new code systems used by systems conforming to this implementation guide"},{"id":"-ex-example","name":"Example: Example Instances","description":"These are example instances that show what data produced and consumed by systems conforming with this implementation guide might look like"}],"resource":[{"extension":[{"url":"http://hl7.org/fhir/StructureDefinition/implementationguide-page","valueUri":"StructureDefinition-bacterial-infection.html"}],"reference":{"reference":"StructureDefinition/bacterial-infection"},"name":"Bacterial Infection","description":"Occurrence of a bacterial infection","exampleBoolean":false,"groupingId":"-str-profile"},{"extension":[{"url":"http://hl7.org/fhir/StructureDefinition/implementationguide-page","valueUri":"StructureDefinition-birth-height.html"}],"reference":{"reference":"StructureDefinition/birth-height"},"name":"Birth Height","description":"Birth Height of a patient in context of Pediatrics","exampleBoolean":false,"groupingId":"-str-profile"},{"extension":[{"url":"http://hl7.org/fhir/StructureDefinition/implementationguide-page","valueUri":"StructureDefinition-birth-height-percentiles.html"}],"reference":{"reference":"StructureDefinition/birth-height-percentiles"},"name":"Birth Height with unit percentiles","description":"Birth Height with unit percentiles in context of Pediatrics","exampleBoolean":false,"groupingId":"-str-profile"},{"extension":[{"url":"http://hl7.org/fhir/StructureDefinition/implementationguide-page","valueUri":"StructureDefinition-body-mass-index.html"}],"reference":{"reference":"StructureDefinition/body-mass-index"},"name":"Body Mass Index","description":"Body mass index of a patient in context of Pediatrics","exampleBoolean":false,"groupingId":"-str-profile"},{"extension":[{"url":"http://hl7.org/fhir/StructureDefinition/implementationguide-page","valueUri":"StructureDefinition-body-mass-index-percentiles.html"}],"reference":{"reference":"StructureDefinition/body-mass-index-percentiles"},"name":"Body Mass Index with unit percentiles","description":"Body mass index with unit percentiles in context of Pediatrics","exampleBoolean":false,"groupingId":"-str-profile"},{"extension":[{"url":"http://hl7.org/fhir/StructureDefinition/implementationguide-page","valueUri":"StructureDefinition-chronic-Hematologic-diseases.html"}],"reference":{"reference":"StructureDefinition/chronic-Hematologic-diseases"},"name":"Chronic Hematologic Diseases","description":"Chronic Hematologic diseases as a risk factor for a severe course of an infection with SARS-CoV-2 in the context of pediatrics","exampleBoolean":false,"groupingId":"-str-profile"},{"extension":[{"url":"http://hl7.org/fhir/StructureDefinition/implementationguide-page","valueUri":"StructureDefinition-chronic-kidney-diseases.html"}],"reference":{"reference":"StructureDefinition/chronic-kidney-diseases"},"name":"Chronic Kidney Diseases","description":"Chronic kidney diseases in the context of pediatrics","exampleBoolean":false,"groupingId":"-str-profile"},{"extension":[{"url":"http://hl7.org/fhir/StructureDefinition/implementationguide-page","valueUri":"StructureDefinition-congenital-disease.html"}],"reference":{"reference":"StructureDefinition/congenital-disease"},"name":"Congenital Disease","description":"Congenital disease in the context of the NAPKON pediatrics module","exampleBoolean":false,"groupingId":"-str-profile"},{"extension":[{"url":"http://hl7.org/fhir/StructureDefinition/implementationguide-page","valueUri":"StructureDefinition-covid19-complication.html"}],"reference":{"reference":"StructureDefinition/covid19-complication"},"name":"Covid19 complication","description":"Complication due to COVID19","exampleBoolean":false,"groupingId":"-str-profile"},{"extension":[{"url":"http://hl7.org/fhir/StructureDefinition/implementationguide-page","valueUri":"StructureDefinition-covid19-symptoms.html"}],"reference":{"reference":"StructureDefinition/covid19-symptoms"},"name":"Covid19Symptoms","description":"Cover additional Covid 19 symptoms","exampleBoolean":false,"groupingId":"-str-profile"},{"extension":[{"url":"http://hl7.org/fhir/StructureDefinition/implementationguide-page","valueUri":"StructureDefinition-fungal-infection.html"}],"reference":{"reference":"StructureDefinition/fungal-infection"},"name":"Fungal Infection","description":"Occurrence of a fungal infection","exampleBoolean":false,"groupingId":"-str-profile"},{"extension":[{"url":"http://hl7.org/fhir/StructureDefinition/implementationguide-page","valueUri":"StructureDefinition-gastrointestinal-diseases.html"}],"reference":{"reference":"StructureDefinition/gastrointestinal-diseases"},"name":"Gastrointestinal Diseases","description":"Gastrointestinal diseases in the field of pediatrics as a risk factor for a severe course of an infection with SARS-CoV-2.","exampleBoolean":false,"groupingId":"-str-profile"},{"extension":[{"url":"http://hl7.org/fhir/StructureDefinition/implementationguide-page","valueUri":"StructureDefinition-head-circumference.html"}],"reference":{"reference":"StructureDefinition/head-circumference"},"name":"Head circumference","description":"Head circumference of a patient in context of Pediatrics","exampleBoolean":false,"groupingId":"-str-profile"},{"extension":[{"url":"http://hl7.org/fhir/StructureDefinition/implementationguide-page","valueUri":"StructureDefinition-head-circumference-percentiles.html"}],"reference":{"reference":"StructureDefinition/head-circumference-percentiles"},"name":"Head circumference with unit percentiles","description":"Head circumference with unit percentiles in context of Pediatrics","exampleBoolean":false,"groupingId":"-str-profile"},{"extension":[{"url":"http://hl7.org/fhir/StructureDefinition/implementationguide-page","valueUri":"StructureDefinition-imaging-procedures.html"}],"reference":{"reference":"StructureDefinition/imaging-procedures"},"name":"Imaging Procedures","description":"Records an application of a radiological imaging procedures performed on the patient (COVID-19 imaging procedures)","exampleBoolean":false,"groupingId":"-str-profile"},{"extension":[{"url":"http://hl7.org/fhir/StructureDefinition/implementationguide-page","valueUri":"StructureDefinition-immunosuppresive-permanent-medication.html"}],"reference":{"reference":"StructureDefinition/immunosuppresive-permanent-medication"},"name":"Immunosuppresive Permanent Medication","description":"Immunosuppresive Permanent Medication","exampleBoolean":false,"groupingId":"-str-profile"},{"extension":[{"url":"http://hl7.org/fhir/StructureDefinition/implementationguide-page","valueUri":"StructureDefinition-intensive-care-treatment-duration.html"}],"reference":{"reference":"StructureDefinition/intensive-care-treatment-duration"},"name":"Intensive care treatment duration","description":"Duration of intensive care treatment","exampleBoolean":false,"groupingId":"-str-profile"},{"extension":[{"url":"http://hl7.org/fhir/StructureDefinition/implementationguide-page","valueUri":"StructureDefinition-medical-history-stem-cell-transplant.html"}],"reference":{"reference":"StructureDefinition/medical-history-stem-cell-transplant"},"name":"Medical History Stem Cells Transplant","description":"This profile describes a stem cell transplant for a pediatric patient.","exampleBoolean":false,"groupingId":"-str-profile"},{"extension":[{"url":"http://hl7.org/fhir/StructureDefinition/implementationguide-page","valueUri":"StructureDefinition-pediatric-imaging-study.html"}],"reference":{"reference":"StructureDefinition/pediatric-imaging-study"},"name":"Pediatric Imaging Study","description":"Records an application of a radiological imaging procedures performed on the patient (COVID-19 imaging procedures)","exampleBoolean":false,"groupingId":"-str-profile"},{"extension":[{"url":"http://hl7.org/fhir/StructureDefinition/implementationguide-page","valueUri":"StructureDefinition-pediatric-medication.html"}],"reference":{"reference":"StructureDefinition/pediatric-medication"},"name":"Pediatric Medication","description":"Medication taken by or given to a pediatric patient.","exampleBoolean":false,"groupingId":"-str-profile"},{"extension":[{"url":"http://hl7.org/fhir/StructureDefinition/implementationguide-page","valueUri":"StructureDefinition-preadmission-medications.html"}],"reference":{"reference":"StructureDefinition/preadmission-medications"},"name":"Preadmission Medications","description":"List of medications taken before admission to a hospital","exampleBoolean":false,"groupingId":"-str-profile"},{"extension":[{"url":"http://hl7.org/fhir/StructureDefinition/implementationguide-page","valueUri":"StructureDefinition-sars-cov2-rt-pcr-specimen.html"}],"reference":{"reference":"StructureDefinition/sars-cov2-rt-pcr-specimen"},"name":"SARS-CoV-2 RT PCR Specimen","description":"Qualitative detection of SARS-CoV-2 in specimens by RT-PCR","exampleBoolean":false,"groupingId":"-str-profile"},{"extension":[{"url":"http://hl7.org/fhir/StructureDefinition/implementationguide-page","valueUri":"StructureDefinition-specimen-excreta.html"}],"reference":{"reference":"StructureDefinition/specimen-excreta"},"name":"Specimen Excreta","description":"Urine and Stool samples","exampleBoolean":false,"groupingId":"-str-profile"},{"extension":[{"url":"http://hl7.org/fhir/StructureDefinition/implementationguide-page","valueUri":"StructureDefinition-thoracic-drainage.html"}],"reference":{"reference":"StructureDefinition/thoracic-drainage"},"name":"Thoracic Drainge","description":"Application of a thoracic drainage","exampleBoolean":false,"groupingId":"-str-profile"},{"extension":[{"url":"http://hl7.org/fhir/StructureDefinition/implementationguide-page","valueUri":"StructureDefinition-total-length-of-stay.html"}],"reference":{"reference":"StructureDefinition/total-length-of-stay"},"name":"Total length of stay","description":"Total length of stay","exampleBoolean":false,"groupingId":"-str-profile"},{"extension":[{"url":"http://hl7.org/fhir/StructureDefinition/implementationguide-page","valueUri":"StructureDefinition-viral-infection.html"}],"reference":{"reference":"StructureDefinition/viral-infection"},"name":"Viral Infection","description":"Occurrence of a viral infection","exampleBoolean":false,"groupingId":"-str-profile"},{"extension":[{"url":"http://hl7.org/fhir/StructureDefinition/implementationguide-page","valueUri":"ValueSet-bacterial-infectious-diseases.html"}],"reference":{"reference":"ValueSet/bacterial-infectious-diseases"},"name":"Bacterial Infectious Diseases","description":"Value set of bacterial infections","exampleBoolean":false,"groupingId":"-term-valueset"},{"extension":[{"url":"http://hl7.org/fhir/StructureDefinition/implementationguide-page","valueUri":"ValueSet-chronic-Hematologic-diseases-sct.html"}],"reference":{"reference":"ValueSet/chronic-Hematologic-diseases-sct"},"name":"Value Set of Chronic Hematologic Diseases","description":"Chronic Hematologic diseases the context of pediatrics and Covid-19","exampleBoolean":false,"groupingId":"-term-valueset"},{"extension":[{"url":"http://hl7.org/fhir/StructureDefinition/implementationguide-page","valueUri":"ValueSet-chronic-Hematologic-diseases-icd.html"}],"reference":{"reference":"ValueSet/chronic-Hematologic-diseases-icd"},"name":"Chronic hematologic diseases (ICD10-GM)","description":"Chronic hematologic diseases in the context of pediatrics and COVID-19","exampleBoolean":false,"groupingId":"-term-valueset"},{"extension":[{"url":"http://hl7.org/fhir/StructureDefinition/implementationguide-page","valueUri":"ValueSet-chronic-kidney-diseases-icd.html"}],"reference":{"reference":"ValueSet/chronic-kidney-diseases-icd"},"name":"Value Set of Chronic Kidney Diseases","description":"Chronic kidney diseases in the context of pediatrics","exampleBoolean":false,"groupingId":"-term-valueset"},{"extension":[{"url":"http://hl7.org/fhir/StructureDefinition/implementationguide-page","valueUri":"ValueSet-chronic-kidney-diseases-sct.html"}],"reference":{"reference":"ValueSet/chronic-kidney-diseases-sct"},"name":"Value Set of Chronic Kidney Diseases","description":"Chronic kidney diseases in the context of pediatrics","exampleBoolean":false,"groupingId":"-term-valueset"},{"extension":[{"url":"http://hl7.org/fhir/StructureDefinition/implementationguide-page","valueUri":"ValueSet-congenital-diseases.html"}],"reference":{"reference":"ValueSet/congenital-diseases"},"name":"Congenital Diseases","description":"Congenital diseases","exampleBoolean":false,"groupingId":"-term-valueset"},{"extension":[{"url":"http://hl7.org/fhir/StructureDefinition/implementationguide-page","valueUri":"ValueSet-covid19-complications-icd10-gm.html"}],"reference":{"reference":"ValueSet/covid19-complications-icd10-gm"},"name":"Covid19 complications ICD10 GM","description":"Complications due to COVID19","exampleBoolean":false,"groupingId":"-term-valueset"},{"extension":[{"url":"http://hl7.org/fhir/StructureDefinition/implementationguide-page","valueUri":"ValueSet-covid19-complications.html"}],"reference":{"reference":"ValueSet/covid19-complications"},"name":"Covid19 complications","description":"Complications due to COVID19","exampleBoolean":false,"groupingId":"-term-valueset"},{"extension":[{"url":"http://hl7.org/fhir/StructureDefinition/implementationguide-page","valueUri":"ValueSet-covid-19-symptoms-icd-10-gm.html"}],"reference":{"reference":"ValueSet/covid-19-symptoms-icd-10-gm"},"name":"Covid19 symptoms","description":"Symptoms due to COVID19","exampleBoolean":false,"groupingId":"-term-valueset"},{"extension":[{"url":"http://hl7.org/fhir/StructureDefinition/implementationguide-page","valueUri":"ValueSet-covid-19-symptoms.html"}],"reference":{"reference":"ValueSet/covid-19-symptoms"},"name":"Covid19 symptoms","description":"Symptoms due to COVID19","exampleBoolean":false,"groupingId":"-term-valueset"},{"extension":[{"url":"http://hl7.org/fhir/StructureDefinition/implementationguide-page","valueUri":"ValueSet-detected-not-detected-unknown-undetermined.html"}],"reference":{"reference":"ValueSet/detected-not-detected-unknown-undetermined"},"name":"Detected Not Detected Unknown Undetermined","description":"Values for laboratory observations","exampleBoolean":false,"groupingId":"-term-valueset"},{"extension":[{"url":"http://hl7.org/fhir/StructureDefinition/implementationguide-page","valueUri":"ValueSet-Excreta.html"}],"reference":{"reference":"ValueSet/Excreta"},"name":"Excreta","description":"Codes for excreta (stool and urine)","exampleBoolean":false,"groupingId":"-term-valueset"},{"extension":[{"url":"http://hl7.org/fhir/StructureDefinition/implementationguide-page","valueUri":"ValueSet-fungal-infections-icd10-gm.html"}],"reference":{"reference":"ValueSet/fungal-infections-icd10-gm"},"name":"Fungal Infections ICD10 GM","description":"Value set of fungal infections","exampleBoolean":false,"groupingId":"-term-valueset"},{"extension":[{"url":"http://hl7.org/fhir/StructureDefinition/implementationguide-page","valueUri":"ValueSet-fungal-infections-sct.html"}],"reference":{"reference":"ValueSet/fungal-infections-sct"},"name":"Fungal Infections SNOMED CT","description":"Value set of fungal infections","exampleBoolean":false,"groupingId":"-term-valueset"},{"extension":[{"url":"http://hl7.org/fhir/StructureDefinition/implementationguide-page","valueUri":"ValueSet-gastrointestinal-diseases-sct.html"}],"reference":{"reference":"ValueSet/gastrointestinal-diseases-sct"},"name":"Value Set of Gastrointestinal Diseases","description":"Gastrointestinal diseases in the context of pediatrics and Covid-19","exampleBoolean":false,"groupingId":"-term-valueset"},{"extension":[{"url":"http://hl7.org/fhir/StructureDefinition/implementationguide-page","valueUri":"ValueSet-gastrointestinal-diseases-icd.html"}],"reference":{"reference":"ValueSet/gastrointestinal-diseases-icd"},"name":"Value Set of Gastrointestinal Diseases ICD","description":"Gastrointestinal diseases in the context of pediatrics and Covid-19","exampleBoolean":false,"groupingId":"-term-valueset"},{"extension":[{"url":"http://hl7.org/fhir/StructureDefinition/implementationguide-page","valueUri":"ValueSet-imaging-procedures-dicom.html"}],"reference":{"reference":"ValueSet/imaging-procedures-dicom"},"name":"Value Set of imaging procedures in dicom format","description":"Imaging procedures in the context of pediatrics and Covid-19","exampleBoolean":false,"groupingId":"-term-valueset"},{"extension":[{"url":"http://hl7.org/fhir/StructureDefinition/implementationguide-page","valueUri":"ValueSet-imaging-procedures-sct.html"}],"reference":{"reference":"ValueSet/imaging-procedures-sct"},"name":"Value Set of imaging procedures from SNOMED CT","description":"Imaging procedures in the context of pediatrics and Covid-19","exampleBoolean":false,"groupingId":"-term-valueset"},{"extension":[{"url":"http://hl7.org/fhir/StructureDefinition/implementationguide-page","valueUri":"ValueSet-immunosuppressive-permament-medications.html"}],"reference":{"reference":"ValueSet/immunosuppressive-permament-medications"},"name":"Immunosuppressive Permanent Medications","description":"Immunosuppressive medications","exampleBoolean":false,"groupingId":"-term-valueset"},{"extension":[{"url":"http://hl7.org/fhir/StructureDefinition/implementationguide-page","valueUri":"ValueSet-immunosuppressive-permament-medications-atc.html"}],"reference":{"reference":"ValueSet/immunosuppressive-permament-medications-atc"},"name":"Immunosuppressive Permanent Medications ATC","description":"Immunosuppressive Medications ATC codes","exampleBoolean":false,"groupingId":"-term-valueset"},{"extension":[{"url":"http://hl7.org/fhir/StructureDefinition/implementationguide-page","valueUri":"ValueSet-laboratory-tests.html"}],"reference":{"reference":"ValueSet/laboratory-tests"},"name":"Laboratory Tests","description":"Laboratory tests in the context of NAPKON Pediatrics Module","exampleBoolean":false,"groupingId":"-term-valueset"},{"extension":[{"url":"http://hl7.org/fhir/StructureDefinition/implementationguide-page","valueUri":"ValueSet-medical-history-stem-cell-transplant.html"}],"reference":{"reference":"ValueSet/medical-history-stem-cell-transplant"},"name":"Medical History Stem Cell Transplants","description":"Medical history linked to stem cells or bone marrow transplant for pediatric patients","exampleBoolean":false,"groupingId":"-term-valueset"},{"extension":[{"url":"http://hl7.org/fhir/StructureDefinition/implementationguide-page","valueUri":"ValueSet-medical-history-stem-cell-transplant-icd.html"}],"reference":{"reference":"ValueSet/medical-history-stem-cell-transplant-icd"},"name":"Medical History Stem Cell Transplants ICD","description":"Medical history linked to stem cells or bone marrow transplant for pediatric patients","exampleBoolean":false,"groupingId":"-term-valueset"},{"extension":[{"url":"http://hl7.org/fhir/StructureDefinition/implementationguide-page","valueUri":"ValueSet-medication-pediatrics-atc-de.html"}],"reference":{"reference":"ValueSet/medication-pediatrics-atc-de"},"name":"Medication Pediatrics ATC DE","description":"Medication used in the case of a of Covid-19 infection for a pediatric patient","exampleBoolean":false,"groupingId":"-term-valueset"},{"extension":[{"url":"http://hl7.org/fhir/StructureDefinition/implementationguide-page","valueUri":"ValueSet-medication-pediatrics-sct.html"}],"reference":{"reference":"ValueSet/medication-pediatrics-sct"},"name":"Medication Pediatrics SNOMED CT","description":"Medication used in the case of a of Covid-19 infection for a pediatric patient","exampleBoolean":false,"groupingId":"-term-valueset"},{"extension":[{"url":"http://hl7.org/fhir/StructureDefinition/implementationguide-page","valueUri":"ValueSet-present-not-present-undetermined-other.html"}],"reference":{"reference":"ValueSet/present-not-present-undetermined-other"},"name":"Present Not Present Undetermined Other","description":"Values for laboratory observations","exampleBoolean":false,"groupingId":"-term-valueset"},{"extension":[{"url":"http://hl7.org/fhir/StructureDefinition/implementationguide-page","valueUri":"ValueSet-restricted-event-status.html"}],"reference":{"reference":"ValueSet/restricted-event-status"},"name":"RestrictedEventStatus","description":"EventStatus value set restricted to codes not-done, active, completed and unknown","exampleBoolean":false,"groupingId":"-term-valueset"},{"extension":[{"url":"http://hl7.org/fhir/StructureDefinition/implementationguide-page","valueUri":"ValueSet-viral-infectious-diseases.html"}],"reference":{"reference":"ValueSet/viral-infectious-diseases"},"name":"ViralInfectiousDiseases","exampleBoolean":false,"groupingId":"-term-valueset"},{"extension":[{"url":"http://hl7.org/fhir/StructureDefinition/implementationguide-page","valueUri":"ValueSet-yes-no-unknown.html"}],"reference":{"reference":"ValueSet/yes-no-unknown"},"name":"Yes No Unknown","description":"Yes / No / Unknown","exampleBoolean":false,"groupingId":"-term-valueset"},{"extension":[{"url":"http://hl7.org/fhir/StructureDefinition/implementationguide-page","valueUri":"CodeSystem-napkon-pediatrics-module.html"}],"reference":{"reference":"CodeSystem/napkon-pediatrics-module"},"name":"NapkonPediatricsModule","description":"NAPKON Pediatrics Module Code System - Collection of pediatrics module-specific codes that are missing from common terminologies such as SNOMED CT","exampleBoolean":false,"groupingId":"-term-codesystem"},{"extension":[{"url":"http://hl7.org/fhir/StructureDefinition/implementationguide-page","valueUri":"Condition-BacterialInfectionConfirmed.html"}],"reference":{"reference":"Condition/BacterialInfectionConfirmed"},"name":"Bacterial Infection Confirmed","description":"Example of a confirmed bacterial infection","exampleCanonical":"https://www.napkon.de/fhir/StructureDefinition/bacterial-infection","groupingId":"-ex-example"},{"extension":[{"url":"http://hl7.org/fhir/StructureDefinition/implementationguide-page","valueUri":"Condition-BacterialInfectionRefuted.html"}],"reference":{"reference":"Condition/BacterialInfectionRefuted"},"name":"Bacterial Infection Refuted","description":"Example of a refuted bacterial infection","exampleCanonical":"https://www.napkon.de/fhir/StructureDefinition/bacterial-infection","groupingId":"-ex-example"},{"extension":[{"url":"http://hl7.org/fhir/StructureDefinition/implementationguide-page","valueUri":"Condition-CongenitalAtransferrinemiaConfirmed.html"}],"reference":{"reference":"Condition/CongenitalAtransferrinemiaConfirmed"},"name":"Congenital Atransferrinemia confirmed","description":"Example: Confirmed congenital atransferrinemia","exampleCanonical":"https://www.napkon.de/fhir/StructureDefinition/congenital-disease","groupingId":"-ex-example"},{"extension":[{"url":"http://hl7.org/fhir/StructureDefinition/implementationguide-page","valueUri":"Condition-Covid19Complication.html"}],"reference":{"reference":"Condition/Covid19Complication"},"name":"Covid19 Complication","description":"Example of a covid19 complication","exampleCanonical":"https://www.napkon.de/fhir/StructureDefinition/covid19-complication","groupingId":"-ex-example"},{"extension":[{"url":"http://hl7.org/fhir/StructureDefinition/implementationguide-page","valueUri":"Condition-Covid19Symptoms.html"}],"reference":{"reference":"Condition/Covid19Symptoms"},"name":"Covid19 Symptom","description":"Example of a covid19 complication","exampleCanonical":"https://www.napkon.de/fhir/StructureDefinition/covid19-symptoms","groupingId":"-ex-example"},{"extension":[{"url":"http://hl7.org/fhir/StructureDefinition/implementationguide-page","valueUri":"Patient-ExamplePatient.html"}],"reference":{"reference":"Patient/ExamplePatient"},"name":"ExamplePatient","description":"Example patient to be used as reference in other instances","exampleBoolean":true,"groupingId":"-ex-example"},{"extension":[{"url":"http://hl7.org/fhir/StructureDefinition/implementationguide-page","valueUri":"Condition-FungalInfectionConfirmed.html"}],"reference":{"reference":"Condition/FungalInfectionConfirmed"},"name":"Fungal Infection Confirmed","description":"Example of a confirmed fungal infection","exampleCanonical":"https://www.napkon.de/fhir/StructureDefinition/fungal-infection","groupingId":"-ex-example"},{"extension":[{"url":"http://hl7.org/fhir/StructureDefinition/implementationguide-page","valueUri":"Condition-FungalInfectionUnknown.html"}],"reference":{"reference":"Condition/FungalInfectionUnknown"},"name":"Fungal Infection Unknown","description":"Example of a fungal infection where the presence is unknown","exampleCanonical":"https://www.napkon.de/fhir/StructureDefinition/fungal-infection","groupingId":"-ex-example"},{"extension":[{"url":"http://hl7.org/fhir/StructureDefinition/implementationguide-page","valueUri":"Procedure-ImagingProcedures.html"}],"reference":{"reference":"Procedure/ImagingProcedures"},"name":"imaging-procedure-instance","description":"Example of a performed radiology/imaging procedure for pediatric patients when treating COVID-19.","exampleCanonical":"https://www.napkon.de/fhir/StructureDefinition/imaging-procedures","groupingId":"-ex-example"},{"extension":[{"url":"http://hl7.org/fhir/StructureDefinition/implementationguide-page","valueUri":"ImagingStudy-ImagingStudyPTHeart.html"}],"reference":{"reference":"ImagingStudy/ImagingStudyPTHeart"},"name":"Imaging Study","description":"Example of a concrete imaging study performed on a patient","exampleCanonical":"https://www.napkon.de/fhir/StructureDefinition/pediatric-imaging-study","groupingId":"-ex-example"},{"extension":[{"url":"http://hl7.org/fhir/StructureDefinition/implementationguide-page","valueUri":"MedicationStatement-ImmunosuppresivePermanentMedication.html"}],"reference":{"reference":"MedicationStatement/ImmunosuppresivePermanentMedication"},"name":"Immunosuppresive Permanent Medication","description":"Example of a Immunosuppresive Permanent Medication","exampleCanonical":"https://www.napkon.de/fhir/StructureDefinition/immunosuppresive-permanent-medication","groupingId":"-ex-example"},{"extension":[{"url":"http://hl7.org/fhir/StructureDefinition/implementationguide-page","valueUri":"Observation-IntensiveCareTreatmentDuration.html"}],"reference":{"reference":"Observation/IntensiveCareTreatmentDuration"},"name":"Intensive Care Treatment Duration","description":"Example of an intensive care treatment duration","exampleCanonical":"https://www.napkon.de/fhir/StructureDefinition/intensive-care-treatment-duration","groupingId":"-ex-example"},{"extension":[{"url":"http://hl7.org/fhir/StructureDefinition/implementationguide-page","valueUri":"MedicationStatement-PediatricMedicationATCDE.html"}],"reference":{"reference":"MedicationStatement/PediatricMedicationATCDE"},"name":"Pediatric Medication ATC DE","description":"Example prescription of a medication or consumption by a pediatric patient ","exampleCanonical":"https://www.napkon.de/fhir/StructureDefinition/pediatric-medication","groupingId":"-ex-example"},{"extension":[{"url":"http://hl7.org/fhir/StructureDefinition/implementationguide-page","valueUri":"MedicationStatement-PediatricMedicationSCT.html"}],"reference":{"reference":"MedicationStatement/PediatricMedicationSCT"},"name":"Pediatric Medication SNOMED CT","description":"Example prescription of a medication or consumption by a pediatric patient ","exampleCanonical":"https://www.napkon.de/fhir/StructureDefinition/pediatric-medication","groupingId":"-ex-example"},{"extension":[{"url":"http://hl7.org/fhir/StructureDefinition/implementationguide-page","valueUri":"Observation-SarsCoV2RTPCRStoolDetected.html"}],"reference":{"reference":"Observation/SarsCoV2RTPCRStoolDetected"},"name":"SARS-CoV-2 RT PCR Stool Detected","description":"Example of a SARS-CoV-2 RT PCR from a stool sample that is detected","exampleCanonical":"https://www.napkon.de/fhir/StructureDefinition/sars-cov2-rt-pcr-specimen","groupingId":"-ex-example"},{"extension":[{"url":"http://hl7.org/fhir/StructureDefinition/implementationguide-page","valueUri":"Observation-SarsCoV2RTPCRStoolNotDetected.html"}],"reference":{"reference":"Observation/SarsCoV2RTPCRStoolNotDetected"},"name":"SARS-CoV-2 RT PCR Stool Not Detected","description":"Example of a SARS-CoV-2 RT PCR from a stool sample that is not detected","exampleCanonical":"https://www.napkon.de/fhir/StructureDefinition/sars-cov2-rt-pcr-specimen","groupingId":"-ex-example"},{"extension":[{"url":"http://hl7.org/fhir/StructureDefinition/implementationguide-page","valueUri":"Observation-SarsCoV2RTPCRUrineInconclusive.html"}],"reference":{"reference":"Observation/SarsCoV2RTPCRUrineInconclusive"},"name":"SARS-CoV-2 RT PCR Urine Inconclusive","description":"Example of a SARS-CoV-2 RT PCR from a urine sample that is inconclusive","exampleCanonical":"https://www.napkon.de/fhir/StructureDefinition/sars-cov2-rt-pcr-specimen","groupingId":"-ex-example"},{"extension":[{"url":"http://hl7.org/fhir/StructureDefinition/implementationguide-page","valueUri":"Specimen-SpecimenStool.html"}],"reference":{"reference":"Specimen/SpecimenStool"},"name":"Specimen Stool","description":"Stool sample","exampleCanonical":"https://www.napkon.de/fhir/StructureDefinition/specimen-excreta","groupingId":"-ex-example"},{"extension":[{"url":"http://hl7.org/fhir/StructureDefinition/implementationguide-page","valueUri":"Specimen-SpecimenUrine.html"}],"reference":{"reference":"Specimen/SpecimenUrine"},"name":"Specimen Urine","description":"Urine sample","exampleCanonical":"https://www.napkon.de/fhir/StructureDefinition/specimen-excreta","groupingId":"-ex-example"},{"extension":[{"url":"http://hl7.org/fhir/StructureDefinition/implementationguide-page","valueUri":"Procedure-ThoracicDrainageCompleted.html"}],"reference":{"reference":"Procedure/ThoracicDrainageCompleted"},"name":"Thoracic Drainage Completed","description":"Example of a thoracic drainage that was completed","exampleCanonical":"https://www.napkon.de/fhir/StructureDefinition/thoracic-drainage","groupingId":"-ex-example"},{"extension":[{"url":"http://hl7.org/fhir/StructureDefinition/implementationguide-page","valueUri":"Procedure-ThoracicDrainageNotDone.html"}],"reference":{"reference":"Procedure/ThoracicDrainageNotDone"},"name":"Thoracic Drainage Not Done","description":"Example of a thoracic drainage that was not performed","exampleCanonical":"https://www.napkon.de/fhir/StructureDefinition/thoracic-drainage","groupingId":"-ex-example"},{"extension":[{"url":"http://hl7.org/fhir/StructureDefinition/implementationguide-page","valueUri":"Procedure-ThoracicDrainageUnknown.html"}],"reference":{"reference":"Procedure/ThoracicDrainageUnknown"},"name":"Thoracic Drainage Unknown","description":"Example of a thoracic drainage for which it is not known if it was performed or not","exampleCanonical":"https://www.napkon.de/fhir/StructureDefinition/thoracic-drainage","groupingId":"-ex-example"},{"extension":[{"url":"http://hl7.org/fhir/StructureDefinition/implementationguide-page","valueUri":"Observation-TotalLengthOfStay.html"}],"reference":{"reference":"Observation/TotalLengthOfStay"},"name":"Total Length of Stay","description":"Example of an total length of stay","exampleCanonical":"https://www.napkon.de/fhir/StructureDefinition/total-length-of-stay","groupingId":"-ex-example"},{"extension":[{"url":"http://hl7.org/fhir/StructureDefinition/implementationguide-page","valueUri":"Condition-ViralInfectionConfirmed.html"}],"reference":{"reference":"Condition/ViralInfectionConfirmed"},"name":"Viral Infection Confirmed","description":"Example of a confirmed viral infection","exampleCanonical":"https://www.napkon.de/fhir/StructureDefinition/viral-infection","groupingId":"-ex-example"},{"extension":[{"url":"http://hl7.org/fhir/StructureDefinition/implementationguide-page","valueUri":"Condition-ViralInfectionRefuted.html"}],"reference":{"reference":"Condition/ViralInfectionRefuted"},"name":"Viral Infection Refuted","description":"Example of a refuted viral infection","exampleCanonical":"https://www.napkon.de/fhir/StructureDefinition/viral-infection","groupingId":"-ex-example"},{"extension":[{"url":"http://hl7.org/fhir/StructureDefinition/implementationguide-page","valueUri":"Observation-birth-height-circumference-percentiles.html"}],"reference":{"reference":"Observation/birth-height-circumference-percentiles"},"name":"Instance of fhir resource birth height (unit percentiles) in the context of pediatrics","description":"Example of a birth height","exampleCanonical":"https://www.napkon.de/fhir/StructureDefinition/birth-height-percentiles","groupingId":"-ex-example"},{"extension":[{"url":"http://hl7.org/fhir/StructureDefinition/implementationguide-page","valueUri":"Observation-instance-birth-height.html"}],"reference":{"reference":"Observation/instance-birth-height"},"name":"Instance of fhir resource birth height in the context of pediatrics","description":"Example of birth height","exampleCanonical":"https://www.napkon.de/fhir/StructureDefinition/birth-height","groupingId":"-ex-example"},{"extension":[{"url":"http://hl7.org/fhir/StructureDefinition/implementationguide-page","valueUri":"Observation-instance-body-mass-index.html"}],"reference":{"reference":"Observation/instance-body-mass-index"},"name":"Instance of fhir resource body mass index in the context of pediatrics","description":"Example of body mass index","exampleCanonical":"https://www.napkon.de/fhir/StructureDefinition/body-mass-index","groupingId":"-ex-example"},{"extension":[{"url":"http://hl7.org/fhir/StructureDefinition/implementationguide-page","valueUri":"Observation-instance-body-mass-index-percentiles.html"}],"reference":{"reference":"Observation/instance-body-mass-index-percentiles"},"name":"Instance of fhir resource body mass index in the context of pediatrics","description":"Example of body mass index with unit percentiles","exampleCanonical":"https://www.napkon.de/fhir/StructureDefinition/body-mass-index-percentiles","groupingId":"-ex-example"},{"extension":[{"url":"http://hl7.org/fhir/StructureDefinition/implementationguide-page","valueUri":"Condition-instance-chronic-Hematologic-diseases.html"}],"reference":{"reference":"Condition/instance-chronic-Hematologic-diseases"},"name":"Instance of fhir resource chronic Hematologic diseases in the context of pediatrics","description":"Example of a chronic Hematologic diseases","exampleCanonical":"https://www.napkon.de/fhir/StructureDefinition/chronic-Hematologic-diseases","groupingId":"-ex-example"},{"extension":[{"url":"http://hl7.org/fhir/StructureDefinition/implementationguide-page","valueUri":"Condition-instance-chronic-Hematologic-diseases-icd.html"}],"reference":{"reference":"Condition/instance-chronic-Hematologic-diseases-icd"},"name":"Instance of fhir resource chronic Hematologic diseases in the context of pediatrics","description":"Example of a chronic Hematologic diseases","exampleCanonical":"https://www.napkon.de/fhir/StructureDefinition/chronic-Hematologic-diseases","groupingId":"-ex-example"},{"extension":[{"url":"http://hl7.org/fhir/StructureDefinition/implementationguide-page","valueUri":"Condition-instance-chronic-kidney-diseases-icd.html"}],"reference":{"reference":"Condition/instance-chronic-kidney-diseases-icd"},"name":"Instance of fhir resource chronic kidney diseases in the context of pediatrics","description":"Example or chronic kidney diseases","exampleCanonical":"https://www.napkon.de/fhir/StructureDefinition/chronic-kidney-diseases","groupingId":"-ex-example"},{"extension":[{"url":"http://hl7.org/fhir/StructureDefinition/implementationguide-page","valueUri":"Condition-instance-chronic-kidney-diseases-sct.html"}],"reference":{"reference":"Condition/instance-chronic-kidney-diseases-sct"},"name":"Instance of fhir resource chronic kidney diseases in the context of pediatrics","description":"Example or chronic kidney diseases","exampleCanonical":"https://www.napkon.de/fhir/StructureDefinition/chronic-kidney-diseases","groupingId":"-ex-example"},{"extension":[{"url":"http://hl7.org/fhir/StructureDefinition/implementationguide-page","valueUri":"Condition-instance-gastrointestinal-diseases.html"}],"reference":{"reference":"Condition/instance-gastrointestinal-diseases"},"name":"Instance of fhir resource sgastrointestinal-diseases in the context of pediatrics","description":"Example of a gastrointestinal disease","exampleCanonical":"https://www.napkon.de/fhir/StructureDefinition/gastrointestinal-diseases","groupingId":"-ex-example"},{"extension":[{"url":"http://hl7.org/fhir/StructureDefinition/implementationguide-page","valueUri":"Condition-instance-gastrointestinal-diseases-icd.html"}],"reference":{"reference":"Condition/instance-gastrointestinal-diseases-icd"},"name":"Instance of fhir resource sgastrointestinal-diseases in the context of pediatrics","description":"Example of a gastrointestinal disease","exampleCanonical":"https://www.napkon.de/fhir/StructureDefinition/gastrointestinal-diseases","groupingId":"-ex-example"},{"extension":[{"url":"http://hl7.org/fhir/StructureDefinition/implementationguide-page","valueUri":"Observation-instance-head-circumference.html"}],"reference":{"reference":"Observation/instance-head-circumference"},"name":"Instance of fhir resource head circumference (unit cm) in the context of pediatrics","description":"Example of a head circumference","exampleCanonical":"https://www.napkon.de/fhir/StructureDefinition/head-circumference","groupingId":"-ex-example"},{"extension":[{"url":"http://hl7.org/fhir/StructureDefinition/implementationguide-page","valueUri":"Observation-instance-head-circumference-percentiles.html"}],"reference":{"reference":"Observation/instance-head-circumference-percentiles"},"name":"Instance of fhir resource head circumference (unit percentiles) in thr context of pediatrics","description":"Example of a head circumference","exampleCanonical":"https://www.napkon.de/fhir/StructureDefinition/head-circumference-percentiles","groupingId":"-ex-example"},{"extension":[{"url":"http://hl7.org/fhir/StructureDefinition/implementationguide-page","valueUri":"Condition-medical-history-stem-cell-transplant-instance.html"}],"reference":{"reference":"Condition/medical-history-stem-cell-transplant-instance"},"name":"medical-history-stem-cell-transplant-instance","description":"This profile describes a stem cell transplant for a pediatric patient.","exampleCanonical":"https://www.napkon.de/fhir/StructureDefinition/medical-history-stem-cell-transplant","groupingId":"-ex-example"},{"extension":[{"url":"http://hl7.org/fhir/StructureDefinition/implementationguide-page","valueUri":"List-preadmission-medications.html"}],"reference":{"reference":"List/preadmission-medications"},"name":"preadmission-medications","description":"Example list of medications before the admission of the patient to the hospital","exampleCanonical":"https://www.napkon.de/fhir/StructureDefinition/preadmission-medications","groupingId":"-ex-example"}],"page":{"nameUrl":"toc.html","title":"Table of Contents","generation":"html","page":[{"nameUrl":"index.html","title":"Home","generation":"markdown"},{"nameUrl":"artifacts.html","title":"Artifacts Summary","generation":"html","page":[{"nameUrl":"StructureDefinition-bacterial-infection.html","title":"Bacterial Infection","generation":"generated"},{"nameUrl":"StructureDefinition-birth-height.html","title":"Birth Height","generation":"generated"},{"nameUrl":"StructureDefinition-birth-height-percentiles.html","title":"Birth Height with unit percentiles","generation":"generated"},{"nameUrl":"StructureDefinition-body-mass-index.html","title":"Body Mass Index","generation":"generated"},{"nameUrl":"StructureDefinition-body-mass-index-percentiles.html","title":"Body Mass Index with unit percentiles","generation":"generated"},{"nameUrl":"StructureDefinition-chronic-Hematologic-diseases.html","title":"Chronic Hematologic Diseases","generation":"generated"},{"nameUrl":"StructureDefinition-chronic-kidney-diseases.html","title":"Chronic Kidney Diseases","generation":"generated"},{"nameUrl":"StructureDefinition-congenital-disease.html","title":"Congenital Disease","generation":"generated"},{"nameUrl":"StructureDefinition-covid19-complication.html","title":"Covid19 complication","generation":"generated"},{"nameUrl":"StructureDefinition-covid19-symptoms.html","title":"Covid19Symptoms","generation":"generated"},{"nameUrl":"StructureDefinition-fungal-infection.html","title":"Fungal Infection","generation":"generated"},{"nameUrl":"StructureDefinition-gastrointestinal-diseases.html","title":"Gastrointestinal Diseases","generation":"generated"},{"nameUrl":"StructureDefinition-head-circumference.html","title":"Head circumference","generation":"generated"},{"nameUrl":"StructureDefinition-head-circumference-percentiles.html","title":"Head circumference with unit percentiles","generation":"generated"},{"nameUrl":"StructureDefinition-imaging-procedures.html","title":"Imaging Procedures","generation":"generated"},{"nameUrl":"StructureDefinition-immunosuppresive-permanent-medication.html","title":"Immunosuppresive Permanent Medication","generation":"generated"},{"nameUrl":"StructureDefinition-intensive-care-treatment-duration.html","title":"Intensive care treatment duration","generation":"generated"},{"nameUrl":"StructureDefinition-medical-history-stem-cell-transplant.html","title":"Medical History Stem Cells Transplant","generation":"generated"},{"nameUrl":"StructureDefinition-pediatric-imaging-study.html","title":"Pediatric Imaging Study","generation":"generated"},{"nameUrl":"StructureDefinition-pediatric-medication.html","title":"Pediatric Medication","generation":"generated"},{"nameUrl":"StructureDefinition-preadmission-medications.html","title":"Preadmission Medications","generation":"generated"},{"nameUrl":"StructureDefinition-sars-cov2-rt-pcr-specimen.html","title":"SARS-CoV-2 RT PCR Specimen","generation":"generated"},{"nameUrl":"StructureDefinition-specimen-excreta.html","title":"Specimen Excreta","generation":"generated"},{"nameUrl":"StructureDefinition-thoracic-drainage.html","title":"Thoracic Drainge","generation":"generated"},{"nameUrl":"StructureDefinition-total-length-of-stay.html","title":"Total length of stay","generation":"generated"},{"nameUrl":"StructureDefinition-viral-infection.html","title":"Viral Infection","generation":"generated"},{"nameUrl":"ValueSet-bacterial-infectious-diseases.html","title":"Bacterial Infectious Diseases","generation":"generated"},{"nameUrl":"ValueSet-chronic-Hematologic-diseases-sct.html","title":"Value Set of Chronic Hematologic Diseases","generation":"generated"},{"nameUrl":"ValueSet-chronic-Hematologic-diseases-icd.html","title":"Chronic hematologic diseases (ICD10-GM)","generation":"generated"},{"nameUrl":"ValueSet-chronic-kidney-diseases-icd.html","title":"Value Set of Chronic Kidney Diseases","generation":"generated"},{"nameUrl":"ValueSet-chronic-kidney-diseases-sct.html","title":"Value Set of Chronic Kidney Diseases","generation":"generated"},{"nameUrl":"ValueSet-congenital-diseases.html","title":"Congenital Diseases","generation":"generated"},{"nameUrl":"ValueSet-covid19-complications-icd10-gm.html","title":"Covid19 complications ICD10 GM","generation":"generated"},{"nameUrl":"ValueSet-covid19-complications.html","title":"Covid19 complications","generation":"generated"},{"nameUrl":"ValueSet-covid-19-symptoms-icd-10-gm.html","title":"Covid19 symptoms","generation":"generated"},{"nameUrl":"ValueSet-covid-19-symptoms.html","title":"Covid19 symptoms","generation":"generated"},{"nameUrl":"ValueSet-detected-not-detected-unknown-undetermined.html","title":"Detected Not Detected Unknown Undetermined","generation":"generated"},{"nameUrl":"ValueSet-Excreta.html","title":"Excreta","generation":"generated"},{"nameUrl":"ValueSet-fungal-infections-icd10-gm.html","title":"Fungal Infections ICD10 GM","generation":"generated"},{"nameUrl":"ValueSet-fungal-infections-sct.html","title":"Fungal Infections SNOMED CT","generation":"generated"},{"nameUrl":"ValueSet-gastrointestinal-diseases-sct.html","title":"Value Set of Gastrointestinal Diseases","generation":"generated"},{"nameUrl":"ValueSet-gastrointestinal-diseases-icd.html","title":"Value Set of Gastrointestinal Diseases ICD","generation":"generated"},{"nameUrl":"ValueSet-imaging-procedures-dicom.html","title":"Value Set of imaging procedures in dicom format","generation":"generated"},{"nameUrl":"ValueSet-imaging-procedures-sct.html","title":"Value Set of imaging procedures from SNOMED CT","generation":"generated"},{"nameUrl":"ValueSet-immunosuppressive-permament-medications.html","title":"Immunosuppressive Permanent Medications","generation":"generated"},{"nameUrl":"ValueSet-immunosuppressive-permament-medications-atc.html","title":"Immunosuppressive Permanent Medications ATC","generation":"generated"},{"nameUrl":"ValueSet-laboratory-tests.html","title":"Laboratory Tests","generation":"generated"},{"nameUrl":"ValueSet-medical-history-stem-cell-transplant.html","title":"Medical History Stem Cell Transplants","generation":"generated"},{"nameUrl":"ValueSet-medical-history-stem-cell-transplant-icd.html","title":"Medical History Stem Cell Transplants ICD","generation":"generated"},{"nameUrl":"ValueSet-medication-pediatrics-atc-de.html","title":"Medication Pediatrics ATC DE","generation":"generated"},{"nameUrl":"ValueSet-medication-pediatrics-sct.html","title":"Medication Pediatrics SNOMED CT","generation":"generated"},{"nameUrl":"ValueSet-present-not-present-undetermined-other.html","title":"Present Not Present Undetermined Other","generation":"generated"},{"nameUrl":"ValueSet-restricted-event-status.html","title":"RestrictedEventStatus","generation":"generated"},{"nameUrl":"ValueSet-viral-infectious-diseases.html","title":"ViralInfectiousDiseases","generation":"generated"},{"nameUrl":"ValueSet-yes-no-unknown.html","title":"Yes No Unknown","generation":"generated"},{"nameUrl":"CodeSystem-napkon-pediatrics-module.html","title":"NapkonPediatricsModule","generation":"generated"},{"nameUrl":"Condition-BacterialInfectionConfirmed.html","title":"Bacterial Infection Confirmed","generation":"generated"},{"nameUrl":"Condition-BacterialInfectionRefuted.html","title":"Bacterial Infection Refuted","generation":"generated"},{"nameUrl":"Condition-CongenitalAtransferrinemiaConfirmed.html","title":"Congenital Atransferrinemia confirmed","generation":"generated"},{"nameUrl":"Condition-Covid19Complication.html","title":"Covid19 Complication","generation":"generated"},{"nameUrl":"Condition-Covid19Symptoms.html","title":"Covid19 Symptom","generation":"generated"},{"nameUrl":"Patient-ExamplePatient.html","title":"ExamplePatient","generation":"generated"},{"nameUrl":"Condition-FungalInfectionConfirmed.html","title":"Fungal Infection Confirmed","generation":"generated"},{"nameUrl":"Condition-FungalInfectionUnknown.html","title":"Fungal Infection Unknown","generation":"generated"},{"nameUrl":"Procedure-ImagingProcedures.html","title":"imaging-procedure-instance","generation":"generated"},{"nameUrl":"ImagingStudy-ImagingStudyPTHeart.html","title":"Imaging Study","generation":"generated"},{"nameUrl":"MedicationStatement-ImmunosuppresivePermanentMedication.html","title":"Immunosuppresive Permanent Medication","generation":"generated"},{"nameUrl":"Observation-IntensiveCareTreatmentDuration.html","title":"Intensive Care Treatment Duration","generation":"generated"},{"nameUrl":"MedicationStatement-PediatricMedicationATCDE.html","title":"Pediatric Medication ATC DE","generation":"generated"},{"nameUrl":"MedicationStatement-PediatricMedicationSCT.html","title":"Pediatric Medication SNOMED CT","generation":"generated"},{"nameUrl":"Observation-SarsCoV2RTPCRStoolDetected.html","title":"SARS-CoV-2 RT PCR Stool Detected","generation":"generated"},{"nameUrl":"Observation-SarsCoV2RTPCRStoolNotDetected.html","title":"SARS-CoV-2 RT PCR Stool Not Detected","generation":"generated"},{"nameUrl":"Observation-SarsCoV2RTPCRUrineInconclusive.html","title":"SARS-CoV-2 RT PCR Urine Inconclusive","generation":"generated"},{"nameUrl":"Specimen-SpecimenStool.html","title":"Specimen Stool","generation":"generated"},{"nameUrl":"Specimen-SpecimenUrine.html","title":"Specimen Urine","generation":"generated"},{"nameUrl":"Procedure-ThoracicDrainageCompleted.html","title":"Thoracic Drainage Completed","generation":"generated"},{"nameUrl":"Procedure-ThoracicDrainageNotDone.html","title":"Thoracic Drainage Not Done","generation":"generated"},{"nameUrl":"Procedure-ThoracicDrainageUnknown.html","title":"Thoracic Drainage Unknown","generation":"generated"},{"nameUrl":"Observation-TotalLengthOfStay.html","title":"Total Length of Stay","generation":"generated"},{"nameUrl":"Condition-ViralInfectionConfirmed.html","title":"Viral Infection Confirmed","generation":"generated"},{"nameUrl":"Condition-ViralInfectionRefuted.html","title":"Viral Infection Refuted","generation":"generated"},{"nameUrl":"Observation-birth-height-circumference-percentiles.html","title":"Instance of fhir resource birth height (unit percentiles) in the context of pediatrics","generation":"generated"},{"nameUrl":"Observation-instance-birth-height.html","title":"Instance of fhir resource birth height in the context of pediatrics","generation":"generated"},{"nameUrl":"Observation-instance-body-mass-index.html","title":"Instance of fhir resource body mass index in the context of pediatrics","generation":"generated"},{"nameUrl":"Observation-instance-body-mass-index-percentiles.html","title":"Instance of fhir resource body mass index in the context of pediatrics","generation":"generated"},{"nameUrl":"Condition-instance-chronic-Hematologic-diseases.html","title":"Instance of fhir resource chronic Hematologic diseases in the context of pediatrics","generation":"generated"},{"nameUrl":"Condition-instance-chronic-Hematologic-diseases-icd.html","title":"Instance of fhir resource chronic Hematologic diseases in the context of pediatrics","generation":"generated"},{"nameUrl":"Condition-instance-chronic-kidney-diseases-icd.html","title":"Instance of fhir resource chronic kidney diseases in the context of pediatrics","generation":"generated"},{"nameUrl":"Condition-instance-chronic-kidney-diseases-sct.html","title":"Instance of fhir resource chronic kidney diseases in the context of pediatrics","generation":"generated"},{"nameUrl":"Condition-instance-gastrointestinal-diseases.html","title":"Instance of fhir resource sgastrointestinal-diseases in the context of pediatrics","generation":"generated"},{"nameUrl":"Condition-instance-gastrointestinal-diseases-icd.html","title":"Instance of fhir resource sgastrointestinal-diseases in the context of pediatrics","generation":"generated"},{"nameUrl":"Observation-instance-head-circumference.html","title":"Instance of fhir resource head circumference (unit cm) in the context of pediatrics","generation":"generated"},{"nameUrl":"Observation-instance-head-circumference-percentiles.html","title":"Instance of fhir resource head circumference (unit percentiles) in thr context of pediatrics","generation":"generated"},{"nameUrl":"Condition-medical-history-stem-cell-transplant-instance.html","title":"medical-history-stem-cell-transplant-instance","generation":"generated"},{"nameUrl":"List-preadmission-medications.html","title":"preadmission-medications","generation":"generated"}]}]},"parameter":[{"code":"path-resource","value":"input/capabilities"},{"code":"path-resource","value":"input/examples"},{"code":"path-resource","value":"input/extensions"},{"code":"path-resource","value":"input/models"},{"code":"path-resource","value":"input/operations"},{"code":"path-resource","value":"input/profiles"},{"code":"path-resource","value":"input/resources"},{"code":"path-resource","value":"input/vocabulary"},{"code":"path-resource","value":"input/maps"},{"code":"path-resource","value":"input/testing"},{"code":"path-resource","value":"input/history"},{"code":"path-resource","value":"fsh-generated/resources"},{"code":"path-pages","value":"template/config"},{"code":"path-pages","value":"input/images"},{"code":"path-tx-cache","value":"input-cache/txcache"}]}}