{"resourceType":"ValueSet","id":"medication-pediatrics-sct","text":{"status":"generated","div":"<div xmlns=\"http://www.w3.org/1999/xhtml\"><p>This value set includes codes based on the following rules:</p><ul><li>Include codes from <a href=\"http://www.snomed.org/\"><code>http://snomed.info/sct</code></a> where concept  is-a  7947003 (Product containing aspirin (medicinal product))</li><li>Include codes from <a href=\"http://www.snomed.org/\"><code>http://snomed.info/sct</code></a> where concept  is-a  333711001 (Product containing human immunoglobulin (medicinal product))</li><li>Include codes from <a href=\"http://www.snomed.org/\"><code>http://snomed.info/sct</code></a> where concept  is-a  444649004 (Product containing tocilizumab (medicinal product))</li><li>Include codes from <a href=\"http://www.snomed.org/\"><code>http://snomed.info/sct</code></a> where concept  is-a  395279009 (Product containing anakinra (medicinal product))</li><li>Include codes from <a href=\"http://www.snomed.org/\"><code>http://snomed.info/sct</code></a> where concept  is-a  373213009 (Inotropic agent (substance))</li><li>Include codes from <a href=\"http://www.snomed.org/\"><code>http://snomed.info/sct</code></a> where concept  is-a  870406003 (Vasopressor)</li><li>Include codes from <a href=\"http://www.snomed.org/\"><code>http://snomed.info/sct</code></a> where concept  is-a  346325008 (Medicinal product acting as antibacterial agent (product))</li><li>Include codes from <a href=\"http://www.snomed.org/\"><code>http://snomed.info/sct</code></a> where concept  is-a  26370007 (Hemostatic agent)</li><li>Include codes from <a href=\"http://www.snomed.org/\"><code>http://snomed.info/sct</code></a> where concept  is-a  410652009 (Blood product (product))</li><li>Include codes from <a href=\"http://www.snomed.org/\"><code>http://snomed.info/sct</code></a> where concept  is-a  372580007 (Bronchodilator (substance))</li><li>Include codes from <a href=\"http://www.snomed.org/\"><code>http://snomed.info/sct</code></a> where concept  is-a  409378005 (Product containing nitric oxide (medicinal product))</li></ul></div>"},"url":"https://www.napkon.de/fhir/ValueSet/medication-pediatrics-sct","version":"0.1.0","name":"MedicationPediatricsSCT","title":"Medication Pediatrics SNOMED CT","status":"draft","date":"2021-09-23","publisher":"Charité - Universitätsmedizin Berlin","contact":[{"name":"Charité - Universitätsmedizin Berlin","telecom":[{"system":"url","value":"https://www.netzwerk-universitaetsmedizin.de"}]}],"description":"Medication used in the case of a of Covid-19 infection for a pediatric patient","compose":{"include":[{"system":"http://snomed.info/sct","filter":[{"property":"concept","op":"is-a","value":"7947003"}]},{"system":"http://snomed.info/sct","filter":[{"property":"concept","op":"is-a","value":"333711001"}]},{"system":"http://snomed.info/sct","filter":[{"property":"concept","op":"is-a","value":"444649004"}]},{"system":"http://snomed.info/sct","filter":[{"property":"concept","op":"is-a","value":"395279009"}]},{"system":"http://snomed.info/sct","filter":[{"property":"concept","op":"is-a","value":"373213009"}]},{"system":"http://snomed.info/sct","filter":[{"property":"concept","op":"is-a","value":"870406003"}]},{"system":"http://snomed.info/sct","filter":[{"property":"concept","op":"is-a","value":"346325008"}]},{"system":"http://snomed.info/sct","filter":[{"property":"concept","op":"is-a","value":"26370007"}]},{"system":"http://snomed.info/sct","filter":[{"property":"concept","op":"is-a","value":"410652009"}]},{"system":"http://snomed.info/sct","filter":[{"property":"concept","op":"is-a","value":"372580007"}]},{"system":"http://snomed.info/sct","filter":[{"property":"concept","op":"is-a","value":"409378005"}]}]}}