{"resourceType":"ValueSet","id":"immunosuppressive-permament-medications","text":{"status":"generated","div":"<div xmlns=\"http://www.w3.org/1999/xhtml\"><p>This value set includes codes based on the following rules:</p><ul><li>Include codes from <a href=\"http://www.snomed.org/\"><code>http://snomed.info/sct</code></a> where concept  is-a  768759001 (Product containing steroid (product))</li><li>Include codes from <a href=\"http://www.snomed.org/\"><code>http://snomed.info/sct</code></a> where concept  is-a  416587008 (Product containing calcineurin inhibitor (product))</li><li>Include these codes as defined in <a href=\"CodeSystem-napkon-pediatrics-module.html\"><code>https://www.napkon.de/fhir/CodeSystem/napkon-pediatrics-module</code></a><table class=\"none\"><tr><td style=\"white-space:nowrap\"><b>Code</b></td><td><b>Display</b></td></tr><tr><td><a href=\"CodeSystem-napkon-pediatrics-module.html#napkon-pediatrics-module-P10\">P10</a></td><td>Mammalian target of rapamycin (mTOR)-Kinase inhibitor</td></tr><tr><td><a href=\"CodeSystem-napkon-pediatrics-module.html#napkon-pediatrics-module-P1\">P1</a></td><td>Sphingosine analogue</td></tr><tr><td><a href=\"CodeSystem-napkon-pediatrics-module.html#napkon-pediatrics-module-P2\">P2</a></td><td>Interleukin 2 receptor antagonist</td></tr><tr><td><a href=\"CodeSystem-napkon-pediatrics-module.html#napkon-pediatrics-module-P3\">P3</a></td><td>Interleukin 17 receptor antagonist</td></tr><tr><td><a href=\"CodeSystem-napkon-pediatrics-module.html#napkon-pediatrics-module-P4\">P4</a></td><td>Anti-CD20 antibody</td></tr><tr><td><a href=\"CodeSystem-napkon-pediatrics-module.html#napkon-pediatrics-module-P5\">P5</a></td><td>Anti-CD52 antibody</td></tr><tr><td><a href=\"CodeSystem-napkon-pediatrics-module.html#napkon-pediatrics-module-P6\">P6</a></td><td>Anti-CD3 antibody</td></tr><tr><td><a href=\"CodeSystem-napkon-pediatrics-module.html#napkon-pediatrics-module-P7\">P7</a></td><td>Anti-CD3/CD19 antibody</td></tr><tr><td><a href=\"CodeSystem-napkon-pediatrics-module.html#napkon-pediatrics-module-P8\">P8</a></td><td>Integrin inhibitor</td></tr><tr><td><a href=\"CodeSystem-napkon-pediatrics-module.html#napkon-pediatrics-module-P9\">P9</a></td><td>B cell activating factor inhibitor</td></tr></table></li><li>Include codes from <a href=\"http://www.snomed.org/\"><code>http://snomed.info/sct</code></a> where concept  is-a  58760003 (Product containing antimetabolite (product))</li><li>Include codes from <a href=\"http://www.snomed.org/\"><code>http://snomed.info/sct</code></a> where concept  is-a  19768003 (Product containing alkylating agent (product))</li><li>Include codes from <a href=\"http://www.snomed.org/\"><code>http://snomed.info/sct</code></a> where concept  is-a  416897008 (Product containing tumor necrosis factor alpha inhibitor (product))</li><li>Include codes from <a href=\"http://www.snomed.org/\"><code>http://snomed.info/sct</code></a> where concept  is-a  430817009 (Product containing interleukin 1 receptor antagonist (product))</li><li>Include codes from <a href=\"http://www.snomed.org/\"><code>http://snomed.info/sct</code></a> where concept  is-a  784015001 (Interleukin 6 receptor antagonist)</li><li>Include codes from <a href=\"http://www.snomed.org/\"><code>http://snomed.info/sct</code></a> where concept  is-a  771678003 (Interleukin 23 receptor antagonist-containing product)</li><li>Include codes from <a href=\"http://www.snomed.org/\"><code>http://snomed.info/sct</code></a> where concept  is-a  870401008 (Cytotoxic T-lymphocyte-associated protein 4 inhibitor)</li><li>Include codes from <a href=\"http://www.snomed.org/\"><code>http://snomed.info/sct</code></a> where concept  is-a  786198001 (Equine antithymocyte immunoglobulin-containing product)</li><li>Include codes from <a href=\"http://www.snomed.org/\"><code>http://snomed.info/sct</code></a> where concept  is-a  704315005 (Product containing Janus kinase inhibitor (product))</li><li>Include codes from <a href=\"http://www.snomed.org/\"><code>http://snomed.info/sct</code></a> where concept  is-a  129557000 (Product containing protein-tyrosine kinase inhibitor (product))</li><li>Include codes from <a href=\"http://www.snomed.org/\"><code>http://snomed.info/sct</code></a> where concept  is-a  48583005 (Immunoglobulin E)</li><li>Include codes from <a href=\"http://www.snomed.org/\"><code>http://snomed.info/sct</code></a> where concept  is-a  768865007 (Product containing interferon (product))</li><li>Include codes from <a href=\"http://www.snomed.org/\"><code>http://snomed.info/sct</code></a> where concept  is-a  69431002 (Medicinal product acting as immunosuppressant (product))</li></ul></div>"},"url":"https://www.napkon.de/fhir/ValueSet/immunosuppressive-permament-medications","version":"1.0.0","name":"ImmunosuppressivePermanentMedications","title":"Immunosuppressive Permanent Medications","status":"active","date":"2021-10-05","publisher":"Charité - Universitätsmedizin Berlin","contact":[{"telecom":[{"system":"url","value":"https://www.bihealth.org/en/research/core-facilities/interoperability/"}]}],"description":"Immunosuppressive medications","compose":{"include":[{"system":"http://snomed.info/sct","filter":[{"property":"concept","op":"is-a","value":"768759001"}]},{"system":"http://snomed.info/sct","filter":[{"property":"concept","op":"is-a","value":"416587008"}]},{"system":"https://www.napkon.de/fhir/CodeSystem/napkon-pediatrics-module","concept":[{"code":"P10","display":"Mammalian target of rapamycin (mTOR)-Kinase inhibitor"},{"code":"P1","display":"Sphingosine analogue"},{"code":"P2","display":"Interleukin 2 receptor antagonist"},{"code":"P3","display":"Interleukin 17 receptor antagonist"},{"code":"P4","display":"Anti-CD20 antibody"},{"code":"P5","display":"Anti-CD52 antibody"},{"code":"P6","display":"Anti-CD3 antibody"},{"code":"P7","display":"Anti-CD3/CD19 antibody"},{"code":"P8","display":"Integrin inhibitor"},{"code":"P9","display":"B cell activating factor inhibitor"}]},{"system":"http://snomed.info/sct","filter":[{"property":"concept","op":"is-a","value":"58760003"}]},{"system":"http://snomed.info/sct","filter":[{"property":"concept","op":"is-a","value":"19768003"}]},{"system":"http://snomed.info/sct","filter":[{"property":"concept","op":"is-a","value":"416897008"}]},{"system":"http://snomed.info/sct","filter":[{"property":"concept","op":"is-a","value":"430817009"}]},{"system":"http://snomed.info/sct","filter":[{"property":"concept","op":"is-a","value":"784015001"}]},{"system":"http://snomed.info/sct","filter":[{"property":"concept","op":"is-a","value":"771678003"}]},{"system":"http://snomed.info/sct","filter":[{"property":"concept","op":"is-a","value":"870401008"}]},{"system":"http://snomed.info/sct","filter":[{"property":"concept","op":"is-a","value":"786198001"}]},{"system":"http://snomed.info/sct","filter":[{"property":"concept","op":"is-a","value":"704315005"}]},{"system":"http://snomed.info/sct","filter":[{"property":"concept","op":"is-a","value":"129557000"}]},{"system":"http://snomed.info/sct","filter":[{"property":"concept","op":"is-a","value":"48583005"}]},{"system":"http://snomed.info/sct","filter":[{"property":"concept","op":"is-a","value":"768865007"}]},{"system":"http://snomed.info/sct","filter":[{"property":"concept","op":"is-a","value":"69431002"}]}]}}