{
  "resourceType": "Condition",
  "id": "medical-history-stem-cell-transplant-instance",
  "meta": {
    "profile": [
      "https://www.napkon.de/fhir/StructureDefinition/medical-history-stem-cell-transplant"
    ]
  },
  "text": {
    "status": "generated",
    "div": "<div xmlns=\"http://www.w3.org/1999/xhtml\"><p><b>Generated Narrative</b></p><p><b>verificationStatus</b>: <span title=\"Codes: {http://terminology.hl7.org/CodeSystem/condition-ver-status confirmed}, {http://snomed.info/sct 410605003}\">Confirmed present (qualifier value)</span></p><p><b>category</b>: <span title=\"Codes: {http://snomed.info/sct 394803006}\">Clinical hematology (qualifier value)</span></p><p><b>code</b>: <span title=\"Codes: {http://fhir.de/CodeSystem/bfarm/icd-10-gm Z94.80}, {http://snomed.info/sct 2631000119108}\">Zustand nach hämatopoetischer Stammzelltransplantation ohne gegenwärtige Immunsuppression</span></p><p><b>subject</b>: <a href=\"Patient-ExamplePatient.html\">Generated Summary: Medical record number: napkon-example-patient; maxi musterperson (OFFICIAL); gender: unknown; birthDate: 1990-08-08</a></p><p><b>recordedDate</b>: 2021-11-09</p></div>"
  },
  "verificationStatus": {
    "coding": [
      {
        "system": "http://terminology.hl7.org/CodeSystem/condition-ver-status",
        "code": "confirmed"
      },
      {
        "system": "http://snomed.info/sct",
        "code": "410605003",
        "display": "Confirmed present (qualifier value)"
      }
    ]
  },
  "category": [
    {
      "coding": [
        {
          "system": "http://snomed.info/sct",
          "code": "394803006",
          "display": "Clinical hematology (qualifier value)"
        }
      ]
    }
  ],
  "code": {
    "coding": [
      {
        "system": "http://fhir.de/CodeSystem/bfarm/icd-10-gm",
        "version": "2022|\"2022\"",
        "code": "Z94.80",
        "display": "Zustand nach hämatopoetischer Stammzelltransplantation ohne gegenwärtige Immunsuppression"
      },
      {
        "system": "http://snomed.info/sct",
        "code": "2631000119108",
        "display": "History of bone marrow transplant (situation)"
      }
    ]
  },
  "subject": {
    "reference": "Patient/ExamplePatient"
  },
  "recordedDate": "2021-11-09"
}