{
  "resourceType": "Condition",
  "id": "instance-gastrointestinal-diseases",
  "meta": {
    "profile": [
      "https://www.napkon.de/fhir/StructureDefinition/gastrointestinal-diseases"
    ]
  },
  "text": {
    "status": "generated",
    "div": "<div xmlns=\"http://www.w3.org/1999/xhtml\"><p><b>Generated Narrative</b></p><p><b>verificationStatus</b>: <span title=\"Codes: {http://terminology.hl7.org/CodeSystem/condition-ver-status confirmed}, {http://snomed.info/sct 410605003}\">Confirmed present (qualifier value)</span></p><p><b>category</b>: <span title=\"Codes: {http://snomed.info/sct 394584008}, {http://terminology.hl7.org/CodeSystem/observation-category laboratory}\">Gastroenterology (qualifier value)</span></p><p><b>code</b>: <span title=\"Codes: {http://snomed.info/sct 236069009}\">Chronic constipation (disorder)</span></p><p><b>subject</b>: <a href=\"Patient-ExamplePatient.html\">Generated Summary: Medical record number: napkon-example-patient; maxi musterperson (OFFICIAL); gender: unknown; birthDate: 1990-08-08</a></p><p><b>recordedDate</b>: 2021-11-08</p></div>"
  },
  "verificationStatus": {
    "coding": [
      {
        "system": "http://terminology.hl7.org/CodeSystem/condition-ver-status",
        "code": "confirmed"
      },
      {
        "system": "http://snomed.info/sct",
        "code": "410605003",
        "display": "Confirmed present (qualifier value)"
      }
    ]
  },
  "category": [
    {
      "coding": [
        {
          "system": "http://snomed.info/sct",
          "code": "394584008",
          "display": "Gastroenterology (qualifier value)"
        },
        {
          "system": "http://terminology.hl7.org/CodeSystem/observation-category",
          "code": "laboratory",
          "display": "Laboratory"
        }
      ]
    }
  ],
  "code": {
    "coding": [
      {
        "system": "http://snomed.info/sct",
        "code": "236069009",
        "display": "Chronic constipation (disorder)"
      }
    ]
  },
  "subject": {
    "reference": "Patient/ExamplePatient"
  },
  "recordedDate": "2021-11-08"
}