{
  "resourceType": "MedicationStatement",
  "id": "PediatricMedicationATCDE",
  "meta": {
    "profile": [
      "https://www.napkon.de/fhir/StructureDefinition/pediatric-medication"
    ]
  },
  "text": {
    "status": "generated",
    "div": "<div xmlns=\"http://www.w3.org/1999/xhtml\"><p><b>Generated Narrative</b></p><p><b>status</b>: active</p><p><b>medication</b>: <span title=\"Codes: {http://fhir.de/CodeSystem/bfarm/atc J06BA01}\">Immunglobuline, normal human, zur extravasalen Anwendung</span></p><p><b>subject</b>: <a href=\"Patient-ExamplePatient.html\">Generated Summary: Medical record number: napkon-example-patient; maxi musterperson (OFFICIAL); gender: unknown; birthDate: 1990-08-08</a></p><p><b>effective</b>: Sep 23, 2021, 11:06:00 AM --&gt; (ongoing)</p></div>"
  },
  "status": "active",
  "medicationCodeableConcept": {
    "coding": [
      {
        "system": "http://fhir.de/CodeSystem/bfarm/atc",
        "code": "J06BA01",
        "display": "Immunglobuline, normal human, zur extravasalen Anwendung"
      }
    ]
  },
  "subject": {
    "reference": "Patient/ExamplePatient"
  },
  "effectivePeriod": {
    "start": "2021-09-23T13:06:00+02:00"
  }
}