{
  "resourceType": "Observation",
  "id": "instance-body-mass-index-percentiles",
  "meta": {
    "profile": [
      "https://www.napkon.de/fhir/StructureDefinition/body-mass-index-percentiles"
    ]
  },
  "text": {
    "status": "generated",
    "div": "<div xmlns=\"http://www.w3.org/1999/xhtml\"><p><b>Generated Narrative</b></p><p></p><p><b>category</b>: <span title=\"Codes: {http://terminology.hl7.org/CodeSystem/observation-category vital-signs}\">Vital Signs</span></p><p><b>code</b>: <span title=\"Codes: {http://loinc.org 59574-4}, {http://snomed.info/sct 60621009:370130000=415068004}\">Body mass index (BMI) [Percentile]</span></p><p><b>subject</b>: <a href=\"Patient-ExamplePatient.html\">Generated Summary: Medical record number: napkon-example-patient; maxi musterperson (OFFICIAL); gender: unknown; birthDate: 1990-08-08</a></p><p><b>effective</b>: Feb 7, 2015, 6:28:17 PM</p><p><b>value</b>: 75 %</p><p><b>derivedFrom</b>: <a href=\"Observation-instance-body-mass-index.html\">Generated Summary: <span title=\"Codes: {http://terminology.hl7.org/CodeSystem/observation-category vital-signs}\">Vital Signs</span>; <span title=\"Codes: {http://loinc.org 39156-5}\">Body mass index (BMI) [Ratio]</span>; effective: Feb 7, 2015, 6:28:17 PM; 25 kg/m2</a></p></div>"
  },
  "status": "final",
  "category": [
    {
      "coding": [
        {
          "system": "http://terminology.hl7.org/CodeSystem/observation-category",
          "code": "vital-signs"
        }
      ]
    }
  ],
  "code": {
    "coding": [
      {
        "system": "http://loinc.org",
        "code": "59574-4",
        "display": "Body mass index (BMI) [Percentile]"
      },
      {
        "system": "http://snomed.info/sct",
        "code": "60621009:370130000=415068004",
        "display": "Body mass index where Property = Percentile value"
      }
    ]
  },
  "subject": {
    "reference": "Patient/ExamplePatient"
  },
  "effectiveDateTime": "2015-02-07T13:28:17-05:00",
  "valueQuantity": {
    "value": 75,
    "system": "http://unitsofmeasure.org",
    "code": "%"
  },
  "derivedFrom": [
    {
      "reference": "Observation/instance-body-mass-index"
    }
  ]
}