{
  "resourceType": "ValueSet",
  "id": "congenital-diseases",
  "text": {
    "status": "generated",
    "div": "<div xmlns=\"http://www.w3.org/1999/xhtml\"><ul><li>Include codes from <a href=\"http://www.snomed.org/\"><code>http://snomed.info/sct</code></a> where concept  is-a  66091009 (Congenital disease)</li></ul></div>"
  },
  "url": "https://www.napkon.de/fhir/ValueSet/congenital-diseases",
  "version": "0.1.0",
  "name": "CongenitalDiseases",
  "title": "Congenital Diseases",
  "status": "draft",
  "date": "2021-11-17",
  "publisher": "Charité - Universitätsmedizin Berlin",
  "contact": [
    {
      "name": "Charité - Universitätsmedizin Berlin",
      "telecom": [
        {
          "system": "url",
          "value": "https://www.netzwerk-universitaetsmedizin.de"
        }
      ]
    }
  ],
  "description": "Congenital diseases",
  "compose": {
    "include": [
      {
        "system": "http://snomed.info/sct",
        "filter": [
          {
            "property": "concept",
            "op": "is-a",
            "value": "66091009"
          }
        ]
      }
    ]
  }
}